title,link,rubrique,source,page,titre,url,date
,,Politique,lefaso.net,1.0,BurkinaÂ : le partenariat public-privÃ© se renforce pour accÃ©lÃ©rer les projets structurants,https://lefaso.net/spip.php?article140127,
,,Politique,lefaso.net,1.0,"Burkina/ Ã‰valuation des ministresÂ : 54Â %, la moyenne globale aprÃ¨s trois jours de bilan",https://lefaso.net/spip.php?article139954,
,,Politique,lefaso.net,1.0,"Burkina/Ã‰valuation des ministresÂ : Jacques SosthÃ¨ne Dingara affiche un taux dâ€™exÃ©cution de 62,15%",https://lefaso.net/spip.php?article139948,
,,Politique,lefaso.net,1.0,"Burkina/Evaluation des contrats dâ€™objectifs 2025Â : Un taux dâ€™exÃ©cution de 50,36% pour le ministre Adama Luc Sorgho â€",https://lefaso.net/spip.php?article139947,
,,Politique,lefaso.net,1.0,"Burkina/Ã‰valuation des ministresÂ : Un taux global de mise en oeuvre de  60,85% pour le ministre en charge du commerce",https://lefaso.net/spip.php?article139946,
,,Politique,lefaso.net,1.0,"Burkina/ Ã‰valuation des ministresÂ : Un taux dâ€™exÃ©cution de 49,15% pour le ministre Yacouba Gouba",https://lefaso.net/spip.php?article139956,
,,Politique,lefaso.net,1.0,"Burkina/ Ã‰valuation des ministresÂ : Dr Aboubakar Nacanabo atteint un taux dâ€™exÃ©cution de 54,10% â€",https://lefaso.net/spip.php?article139957,
,,Politique,lefaso.net,1.0,"Burkina/Ã‰valuation des ministresÂ : Le ministre de lâ€™enseignement supÃ©rieur atteint 55,35% dâ€™exÃ©cution au premier semestre",https://lefaso.net/spip.php?article139955,
,,Politique,lefaso.net,1.0,Burkina/Ã‰valuation des ministresÂ : La ministre en charge de la Transition digitale rÃ©alise 53% de son contrat dâ€™objectifs au premier semestre de lâ€™annÃ©e,https://lefaso.net/spip.php?article139922,
,,Politique,lefaso.net,1.0,Burkina/Anniversaire de la RÃ©volution du 4 AoÃ»t 83Â : Le prÃ©sident du Faso exhorte Ã  poursuivre lâ€™Ã©lan de Sankara,https://lefaso.net/spip.php?article139914,
,,Politique,lefaso.net,1.0,"Burkina/Ã‰valuation des ministresÂ : 72,70% du territoire reconquis, selon le GÃ©nÃ©ral CÃ©lestin SimporÃ©, ministre en charge de la DÃ©fense",https://lefaso.net/spip.php?article139891,
,,Politique,lefaso.net,1.0,Burkina/Ã‰valuation des ministresÂ : BientÃ´t la traque aux villas meublÃ©es pour assainir le milieu du tourisme,https://lefaso.net/spip.php?article139904,
,,Politique,lefaso.net,1.0,"Burkina/Ã‰valuation des ministresÂ : 46,74% du contrat dâ€™objectifs rÃ©alisÃ©s par le dÃ©partement de la santÃ© au premier semestre de lâ€™annÃ©e",https://lefaso.net/spip.php?article139907,
,,Politique,lefaso.net,1.0,"Burkina/Ã‰valuation des ministresÂ : 51,83% dâ€™exÃ©cution du contrat dâ€™objectifs pour le ministre Mathias TraorÃ©",https://lefaso.net/spip.php?article139901,
,,Politique,lefaso.net,1.0,"Burkina/Ã‰valuation des ministresÂ : Le dÃ©partement en charge de lâ€™Agriculture affiche un taux dâ€™exÃ©cution de 56,63Â % Ã  mi-parcours",https://lefaso.net/spip.php?article139897,
,,Politique,lefaso.net,1.0,BurkinaÂ : Le prÃ©sident du Faso reÃ§oit des prÃ©sidents de cours constitutionnelles,https://lefaso.net/spip.php?article139836,
,,Politique,lefaso.net,1.0,"BurkinaÂ : Â«Â Il y a lieu de sortir la constitution du cercle de quelques personnes Ã©clairÃ©es, pour lâ€™orienter vers les masses populairesÂ Â», conseille le prÃ©sident du Faso, capitaine Ibrahim TraorÃ©",https://lefaso.net/spip.php?article139783,
,,Politique,lefaso.net,1.0,"Burkina/LibertÃ© dâ€™associationÂ : Lâ€™ALT adopte une loi pour assainir le milieu des associations, des ONG et des syndicats",https://lefaso.net/spip.php?article139552,
,,Politique,lefaso.net,1.0,BurkinaÂ : Le gouvernement adopte un projet de loi portant dissolution de la CENI,https://lefaso.net/spip.php?article139529,
,,Politique,lefaso.net,1.0,BurkinaÂ : Des autorisations dâ€™associations et dâ€™ONG rÃ©voquÃ©es pour non-respect de la lÃ©gislation nationale,https://lefaso.net/spip.php?article139240,
,,Politique,lefaso.net,2.0,"BurkinaÂ : Â«Â Cette rÃ©organisation du territoire repose sur un critÃ¨re principalÂ : la dÃ©fense stratÃ©gique de notre paysÂ Â», explique le ministre dâ€™Ã‰tat Emile Zerbo",https://lefaso.net/spip.php?article139232,
,,Politique,lefaso.net,2.0,"BurkinaÂ : RÃ©organisation du territoire national, les ministres Ã‰mile Zerbo et Gilbert OuÃ©draogo donnent davantage de clarifications",https://lefaso.net/spip.php?article139216,
,,Politique,lefaso.net,2.0,BurkinaÂ : Le PrÃ©sident du Faso sÃ©journera dans la rÃ©gion du Centre-Sud Ã  partir du 14 juin 2025,https://lefaso.net/spip.php?article138780,
,,Politique,lefaso.net,2.0,AssemblÃ©e lÃ©gislative de transitionÂ : Les dÃ©putÃ©s examinent le projet de loi portant code de procÃ©dure pÃ©nale,https://lefaso.net/spip.php?article138716,
,,Politique,lefaso.net,2.0,"Burkina/ Nouvelle loi portant organisation judiciaireÂ : Chambres pour mineurs, juge unique, audiences en langues nationalesâ€¦voici quelques innovations",https://lefaso.net/spip.php?article138692,
,,Politique,lefaso.net,2.0,"Burkina FasoÂ : Lâ€™hymne de lâ€™AES le Â«Â Sahel benkanÂ Â» a retentit a Koulouba, lors de la traditionnelle montÃ©e des couleurs",https://lefaso.net/spip.php?article138680,
,,Politique,lefaso.net,2.0,"TÃ©moignageÂ : ValÃ¨re, mon maÃ®tre idÃ©ologique et politique",https://lefaso.net/spip.php?article138433,
,,Politique,lefaso.net,2.0,DiplomatieÂ : Un Ã©missaire du prÃ©sident Donald Trump dÃ©pÃªchÃ© Ã  Ouagadougou,https://lefaso.net/spip.php?article138459,
,,Politique,lefaso.net,2.0,"Burkina/ AssemblÃ©e lÃ©gislative de TransitionÂ : Lâ€™examen des projets de loi portant organisation judiciaire et Code de procÃ©dure pÃ©nale renvoyÃ©, suite Ã  des amendements du gouvernement",https://lefaso.net/spip.php?article138343,
,,Politique,lefaso.net,2.0,"CoopÃ©ration Burkina-RussieÂ : "" Nous sommes entrain dâ€™approfondir les volets dÃ©fense-sÃ©curitÃ© mais aussi des volets Ã©ducations [...] notamment dans la science"" Le chef de lâ€™Ã‰tat Ibrahim TraorÃ©",https://lefaso.net/spip.php?article138103,
,,Politique,lefaso.net,2.0,"Burkina / SÃ©curitÃ©Â : Â«Â On ne peut pas parler de souverainetÃ© et avoir lâ€™armÃ©e dâ€™un autre pays sur notre sol qui nous dicte ce quâ€™il faut faireÂ Â», capitaine Ibrahim TraorÃ©",https://lefaso.net/spip.php?article138073,
,,Politique,lefaso.net,2.0,Gouvernance du MPSR2Â : Ce que les fasonautes en pensent,https://lefaso.net/spip.php?article137844,
,,Politique,lefaso.net,2.0,BurkinaÂ : Immersion patriotique obligatoire pour les Ã©lÃ¨ves (CONSEIL DES MINISTRES DU 2 MAI 2025),https://lefaso.net/spip.php?article137862,
,,Politique,lefaso.net,2.0,"BurkinaÂ : Tout est mis en Å“uvre pour dÃ©jouer les tentatives de dÃ©stabilisation, selon le Premier ministre Jean-Emmanuel OuÃ©draogo",https://lefaso.net/spip.php?article137767,
,,Politique,lefaso.net,2.0,"BurkinaÂ : Une tentative de dÃ©stabilisation dÃ©jouÃ©e, rapporte le ministre de la SÃ©curitÃ©, Mahamadou Sana",https://lefaso.net/spip.php?article137587,
,,Politique,lefaso.net,2.0,Et Lamizana riaitÂ : Anecdote sur lâ€™art de gouverner,https://lefaso.net/spip.php?article137381,
,,Politique,lefaso.net,2.0,"Burkina FasoÂ : Â«Â Nous sommes bien en rÃ©volution progressiste populaireÂ Â», annonce le chef de lâ€™Ã‰tat, le Capitaine Ibrahim TraorÃ©",https://lefaso.net/spip.php?article137130,
,,Politique,lefaso.net,2.0,"Burkina FasoÂ : Â«Â Nous serons impitoyables et sans Ã©tat dâ€™Ã¢meÂ Â», prÃ©vient le chef de lâ€™Ã‰tat, le Capitaine Ibrahim TraorÃ©",https://lefaso.net/spip.php?article137133,
,,Politique,lefaso.net,2.0,"Burkina FasoÂ : Â«Â Se sacrifier et donner le meilleur de soi-mÃªme pour le bonheur de notre peupleÂ Â», le mot dâ€™ordre du chef de lâ€™Ã‰tat",https://lefaso.net/spip.php?article137134,
,,Politique,lefaso.net,2.0,Sondage sur la gouvernance du MPSR2,https://lefaso.net/spip.php?article136977,
,,Politique,lefaso.net,3.0,2e Ã©dition des journÃ©es dâ€™engagement patriotiqueÂ : Le prÃ©sident du Faso appelle au respect de lâ€™ordre et de la discipline,https://lefaso.net/spip.php?article136999,
,,Politique,lefaso.net,3.0,"Burkina/Lutte contre le terrorismeÂ : Â«Â Aucun centimÃ¨tre carrÃ© du pays ne sera cÃ©dÃ©Â Â», martÃ¨le le Premier ministre",https://lefaso.net/spip.php?article136772,
,,Politique,lefaso.net,3.0,"Burkina/Discours sur la situation de la NationÂ : Â«Â Globalement, nous sommes satisfaits, mais il y a des aspects pour lesquels nous attendons des actions concrÃ¨tes sur le terrainÂ Â», confie le dÃ©putÃ© Nassouri Daaga",https://lefaso.net/spip.php?article136762,
,,Politique,lefaso.net,3.0,Discours sur la situation de la NationÂ : Voici lâ€™intÃ©gralitÃ© du discours du Premier ministre,https://lefaso.net/spip.php?article136729,
,,Politique,lefaso.net,3.0,Burkina FasoÂ : Le Premier ministre fait son discours sur la situation de la nation ce vendredi 14 mars 2025,https://lefaso.net/spip.php?article136705,
,,Politique,lefaso.net,3.0,BurkinaÂ : Adoption dâ€™un dÃ©cret pour protÃ©ger la population des dangers du tabagisme,https://lefaso.net/spip.php?article136701,
,,Politique,lefaso.net,3.0,BurkinaÂ : RÃ©alisation de plusieurs infrastructures routiÃ¨res en perspective,https://lefaso.net/spip.php?article136542,
,,Politique,lefaso.net,3.0,BurkinaÂ :  CrÃ©ation dâ€™un Ã©tablissement public de lâ€™Ã‰tat Ã  caractÃ¨re professionnel,https://lefaso.net/spip.php?article136543,
,,Politique,lefaso.net,3.0,"BurkinaÂ : Â«Â Il nâ€™y a pas de raison de se dÃ©motiver, parce que lâ€™histoire nous a toujours donnÃ© raison, et lâ€™histoire continuera de nous donner raisonÂ Â», motive le prÃ©sident Ibrahim TraorÃ©",https://lefaso.net/spip.php?article136486,
,,Politique,lefaso.net,3.0,"Burkina/Rapport de la Cour des comptesÂ : Premier ministÃ¨re, tÃªte de liste des fautes de gestion de 2016 Ã  2022",https://lefaso.net/spip.php?article136479,
,,Politique,lefaso.net,3.0,BurkinaÂ : CrÃ©ation dâ€™un orchestre de la PrÃ©sidence du Faso,https://lefaso.net/spip.php?article136175,
,,Politique,lefaso.net,3.0,"Evaluation des membres du gouvernementÂ : Taux dâ€™exÃ©cution de 90,4% pour le ministÃ¨re en charge du numÃ©rique",https://lefaso.net/spip.php?article136151,
,,Politique,lefaso.net,3.0,"Bilan de lâ€™Ã©valuation 2024 des contrats dâ€™objectifsÂ : Une performance moyenne de 88,33% enregistrÃ©e",https://lefaso.net/spip.php?article136135,
,,Politique,lefaso.net,3.0,"Evaluation des contrats dâ€™objectifs 2024Â : Lâ€™Enseignement supÃ©rieur rÃ©alise une performance de 81,7%",https://lefaso.net/spip.php?article136128,
,,Politique,lefaso.net,3.0,Evaluation des contrats dâ€™objectifs 2024Â : Une performance de 82% pour le ministÃ¨re en charge de lâ€™Enseignement secondaire,https://lefaso.net/spip.php?article136127,
,,Politique,lefaso.net,3.0,"Evaluation des contrats dâ€™objectifs 2024Â : Le ministÃ¨re en charge de lâ€™Energie enregistre un taux dâ€™exÃ©cution de 85,83%",https://lefaso.net/spip.php?article136124,
,,Politique,lefaso.net,3.0,ğ„Ìğ¯ğšğ¥ğ®ğšğ­ğ¢ğ¨ğ§ ğğğ¬ ğœğ¨ğ§ğ­ğ«ğšğ­ğ¬ ğâ€™ğ¨ğ›ğ£ğğœğ­ğ¢ğŸğ¬ ğŸğŸğŸğŸ’ ğğ® ğ†ğ¨ğ®ğ¯ğğ«ğ§ğğ¦ğğ§ğ­Â :  ğ”ğ§ ğ­ğšğ®ğ± ğğ ğ«Ã©ğšğ¥ğ¢ğ¬ğšğ­ğ¢ğ¨ğ§ ğğ ğŸ–ğŸ—Â % ğ©ğ¨ğ®ğ« ğ¥ğ ğ¦ğ¢ğ§ğ¢ğ¬ğ­Ã¨ğ«ğ ğğ§ ğœğ¡ğšğ«ğ ğ ğğ ğ¥ğš ğƒÃ©ğŸğğ§ğ¬ğ ğ§ğšğ­ğ¢ğ¨ğ§ğšğ¥ğ,https://lefaso.net/spip.php?article136113,
,,Politique,lefaso.net,3.0,"ğ‚ğ¨ğ§ğ­ğ«ğšğ­ğ¬ ğâ€™ğ¨ğ›ğ£ğğœğ­ğ¢ğŸğ¬ ğŸğŸğŸğŸ’Â : ğ¥ğ ğ¦ğ¢ğ§ğ¢ğ¬ğ­Ã¨ğ«ğ ğğ ğ¥â€™ğ€ğœğ­ğ¢ğ¨ğ§ ğ¡ğ®ğ¦ğšğ§ğ¢ğ­ğšğ¢ğ«ğ ğğ­ ğğ ğ¥ğš ğ’ğ¨ğ¥ğ¢ğğšğ«ğ¢ğ­Ã© ğ§ğšğ­ğ¢ğ¨ğ§ğšğ¥ğ ğğ§ğ«ğğ ğ¢ğ¬ğ­ğ«ğ ğ®ğ§ ğ­ğšğ®ğ± ğâ€™ğğ±Ã©ğœğ®ğ­ğ¢ğ¨ğ§ ğğ ğŸ—ğŸ,ğŸğŸ‘Â %",https://lefaso.net/spip.php?article136111,
,,Politique,lefaso.net,3.0,MinistÃ¨re de la SÃ©curitÃ©Â : Un taux dâ€™exÃ©cution des activitÃ©s de 92% en 2024,https://lefaso.net/spip.php?article136090,
,,Politique,lefaso.net,3.0,Evaluation de contrats dâ€™objectifs 2024Â : La diplomatie burkinabÃ¨ enregistre un taux de rayonnement de plus de 90%,https://lefaso.net/spip.php?article136097,
,,Politique,lefaso.net,4.0,Evaluation des contrats dâ€™objectifs 2024Â :  Le ministre Mathias TraorÃ© satisfait de la note de son dÃ©partement,https://lefaso.net/spip.php?article136096,
,,Politique,lefaso.net,4.0,"Evaluation des contrats dâ€™objectifs 2024Â : Une performance de 93,34% pour le ministÃ¨re de lâ€™Agriculture",https://lefaso.net/spip.php?article136082,
,,Politique,lefaso.net,4.0,Evaluation des contrats dâ€™objectifs des membres du gouvernementÂ : Le ministÃ¨re de lâ€™Economie et des finances affiche un taux de 88%,https://lefaso.net/spip.php?article136081,
,,Politique,lefaso.net,4.0,"Evaluation des contrats dâ€™objectifs 2024 des membres du GouvermentÂ : 84,60% de taux de rÃ©alisation pour le ministÃ¨re des Infrastructures et du dÃ©senclavement",https://lefaso.net/spip.php?article136073,
,,Politique,lefaso.net,4.0,"Evaluation annuelle des membres du GouvermentÂ : Un taux de performance de 84,33% pour le ministre de lâ€™Administration territoriale et de la mobilitÃ©",https://lefaso.net/spip.php?article136072,
,,Politique,lefaso.net,4.0,"Ã‰valuation des contrats dâ€™objectifs 2024 des membres du GouvernementÂ : Le dÃ©partement de Edasso Rodrigue Bayala affiche un taux de rÃ©alisation de 99,03%",https://lefaso.net/spip.php?article136061,
,,Politique,lefaso.net,4.0,Pr Magloire SomÃ© Ã  propos du rÃ´le de lâ€™Ã©glise catholique dans lâ€™Ã©volution du Burkina FasoÂ : Â«Â Lâ€™instabilitÃ© politique et la mauvaise gestion du pouvoir dâ€™Ã‰tat ont souvent provoquÃ© des diatribes verbales de lâ€™Ã©piscopatÂ Â»,https://lefaso.net/spip.php?article136000,
,,Politique,lefaso.net,4.0,Burkina/Dialogue socialÂ : Le gouvernement et les syndicats accordent leurs violons,https://lefaso.net/spip.php?article135988,
,,Politique,lefaso.net,4.0,"IntÃ©gration sous-rÃ©gionaleÂ : ""Toute dÃ©cision de retirer nos Ã©tats de la CEDEAO nâ€™incarne point un bon esprit panafricaniste"" (dÃ©claration SOCL)",https://lefaso.net/spip.php?article135758,
,,Politique,lefaso.net,4.0,"BurkinaÂ : Â«Â Depuis lâ€™avÃ¨nement de lâ€™AES, nos ennemis tentent vainement de freiner lâ€™Ã©lan rÃ©volutionnaire de nos peuplesÂ Â» (ACPB-Mouvement jeunesse, rÃ©veille-toi)",https://lefaso.net/spip.php?article135686,
,,Politique,lefaso.net,4.0,"BurkinaÂ : Le succÃ¨s de la rÃ©conciliation nationale passe par le dialogue inclusif et sincÃ¨re (Dr AblassÃ© OuÃ©draogo, Le Faso Autrement)",https://lefaso.net/spip.php?article135682,
,,Politique,lefaso.net,4.0,ğ‘Ã©ğ ğ¢ğ¨ğ§ ğğğ¬ ğ‡ğšğ®ğ­ğ¬-ğğšğ¬ğ¬ğ¢ğ§ğ¬Â : ğ‹ğ ğğ«ğğ¦ğ¢ğğ« ğ¦ğ¢ğ§ğ¢ğ¬ğ­ğ«ğ Ã©ğœğ¡ğšğ§ğ ğ ğšğ¯ğğœ ğ¥â€™ğ€ğğ¦ğ¢ğ§ğ¢ğ¬ğ­ğ«ğšğ­ğ¢ğ¨ğ§ ğğ­ ğ¥ğğ¬ ğ¨ğ©Ã©ğ«ğšğ­ğğ®ğ«ğ¬ Ã©ğœğ¨ğ§ğ¨ğ¦ğ¢ğªğ®ğğ¬,https://lefaso.net/spip.php?article135676,
,,Politique,lefaso.net,4.0,MinistÃ¨re de la SantÃ©Â : Qui est Dr JoÃ«l Arthur KiendrÃ©bÃ©ogo nommÃ© secrÃ©taire gÃ©nÃ©ralÂ ?,https://lefaso.net/spip.php?article135496,
,,Politique,lefaso.net,4.0,BurkinaÂ : â€œLe bilan est largement suffisant pour adresser un satisfecit au prÃ©sident Ibrahim TraorÃ© et lui rendre un vibrant hommageâ€ (le RÃ©seau patriotique burkinabÃ¨),https://lefaso.net/spip.php?article135498,
,,Politique,lefaso.net,4.0,"Relations Afrique-FranceÂ : Â«Â Sâ€™il y a bien un ingrat, câ€™est bien Emmanuel MacronÂ Â» (Capitaine Ibrahim TraorÃ©)",https://lefaso.net/spip.php?article135417,
,,Politique,lefaso.net,4.0,"RÃ©conciliation nationaleÂ : Â«Â On doit rÃ©unir tous ceux qui cherchent la paix, pour que chacun donne le meilleur de lui-mÃªme pour sauver le paysÂ Â» (El Hadj Mohamadi Lamine Kouanda)",https://lefaso.net/spip.php?article135384,
,,Politique,lefaso.net,4.0,"Retrait de la CEDEAOÂ : Â«Â Le peuple de lâ€™AES nâ€™a peur dâ€™aucune menace, parce quâ€™il a dÃ©jÃ  vÃ©cu toutes les violences possiblesÂ Â» (Lucien ZiÃ© du mouvement Le Faso, Ma Patrie)",https://lefaso.net/spip.php?article135248,
,,Politique,lefaso.net,4.0,"RÃ©tro politique 2024 au BurkinaÂ : Du retrait de la CEDEAO Ã  la consolidation des liens avec la Russie, en passant par la crÃ©ation de la ConfÃ©dÃ©ration AES..., une annÃ©e bien mouvementÃ©e",https://lefaso.net/spip.php?article135241,
,,Politique,lefaso.net,4.0,Burkina/SoulÃ¨vement populaire de 1966Â : Lâ€™UAS invite le gouvernement Ã  inscrire son action dans le respect des droits et libertÃ©s des citoyens,https://lefaso.net/spip.php?article135230,
,,Politique,lefaso.net,4.0,Nouvel an 2025Â : Message Ã  la Nation du prÃ©sident du Faso,https://lefaso.net/spip.php?article135195,
,,Politique,lefaso.net,5.0,FÃªte du nouvel an 2025Â : Les vÅ“ux du parti Le Faso Autrement,https://lefaso.net/spip.php?article135201,
,,Politique,lefaso.net,5.0,FÃªte du nouvel an 2025Â : Les vÅ“ux de ZÃ©phirin DiabrÃ©,https://lefaso.net/spip.php?article135200,
,,Politique,lefaso.net,5.0,FÃªte du nouvel an 2025Â : Les vÅ“ux du MPP,https://lefaso.net/spip.php?article135203,
,,Politique,lefaso.net,5.0,Burkina/JusticeÂ : Les dÃ©putÃ©s adoptent la loi portant amnistie et conditions dâ€™octroi de grÃ¢ce amnistiante,https://lefaso.net/spip.php?article135159,
,,Politique,lefaso.net,5.0,BurkinaÂ : Les dÃ©putÃ©s de lâ€™ALT votent la loi portant interdiction des emballages et sachets en plastique,https://lefaso.net/spip.php?article135162,
,,Politique,lefaso.net,5.0,Burkina/JusticeÂ : Les dÃ©putÃ©s adoptent le projet de loi portant amnistie et conditions dâ€™octroi de grÃ¢ce amnistiante,https://lefaso.net/spip.php?article135146,
,,Politique,lefaso.net,5.0,DÃ©claration de politique gÃ©nÃ©raleÂ : Les dÃ©putÃ©s conquis par les promesses du Premier ministre Rimtalba Jean Emmanuel OuÃ©draogo,https://lefaso.net/spip.php?article135133,
,,Politique,lefaso.net,5.0,"Burkina FasoÂ : Â«Â 70,59% du territoire sous contrÃ´le, 1 million de dÃ©placÃ©s rÃ©installÃ©sÂ Â», assure le Premier ministre Rimtalba Jean Emmanuel OuÃ©draogo",https://lefaso.net/spip.php?article135122,
,,Politique,lefaso.net,5.0,Burkina FasoÂ : Lâ€™intÃ©gralitÃ© de la DÃ©claration de politique gÃ©nÃ©rale du Premier ministre Jean Emmanuel OuÃ©draogo,https://lefaso.net/spip.php?article135101,
,,Politique,lefaso.net,5.0,Conduite de lâ€™action gouvernementaleÂ : Les dÃ©putÃ©s accordent leur confiance au Premier ministre Rimtalba Jean Emmanuel OuÃ©draogo,https://lefaso.net/spip.php?article135111,
,,Politique,lefaso.net,5.0,BurkinaÂ : Le Premier ministre Jean Emmanuel OuÃ©draogo prononcera ce 27 dÃ©cembre 2024 sa dÃ©claration de politique gÃ©nÃ©rale devant lâ€™ALT,https://lefaso.net/spip.php?article135068,
,,Politique,lefaso.net,5.0,Burkina FasoÂ : Le budget de lâ€™Ã‰tat exercice 2025 sâ€™Ã©lÃ¨ve Ã  plus de 3 100 milliards de FCFA,https://lefaso.net/spip.php?article135035,
,,Politique,lefaso.net,5.0,"BurkinaÂ : Amnistier les faits du coup dâ€™Ã‰tat de 2015 nâ€™est pas contraire Ã  lâ€™esprit de lâ€™insurrection populaire, rassure le ministre de la Justice",https://lefaso.net/spip.php?article134992,
,,Politique,lefaso.net,5.0,BurkinaÂ : FranÃ§ois CompaorÃ© bloquÃ© en CÃ´te dâ€™Ivoire,https://lefaso.net/spip.php?article135000,
,,Politique,lefaso.net,5.0,BurkinaÂ : Vers une amnistie pour certains auteurs de la tentative de coup dâ€™Ã‰tat de septembre 2015,https://lefaso.net/spip.php?article134939,
,,Politique,lefaso.net,5.0,"Nouveau GouvernementÂ :  AccÃ©lÃ©ration, lutte contre la corruption et rationalisation des dÃ©penses comme boussole pour 2025",https://lefaso.net/spip.php?article134906,
,,Politique,lefaso.net,5.0,"BurkinaÂ : Â«Â Les forces combattantes vont poursuivre les terroristes jusquâ€™Ã  leur dernier retranchementÂ Â», promet le prÃ©sident Ibrahim TraorÃ©",https://lefaso.net/spip.php?article134726,
,,Politique,lefaso.net,5.0,MinistÃ¨re de la Fonction publiqueÂ : Bassolma BaziÃ© cÃ¨de officiellement son fauteuil Ã  Mathias TraorÃ©,https://lefaso.net/spip.php?article134741,
,,Politique,lefaso.net,5.0,"Burkina/Lutte contre le terrorismeÂ : Â«Â Nous verrons bientÃ´t le bout du tunnel, il ne sera plus quâ€™une question de tempsÂ Â», foi du nouveau ministre de la dÃ©fense",https://lefaso.net/spip.php?article134690,
,,Politique,lefaso.net,5.0,BurkinaÂ : Le CDP rejette des accusations Â«Â mensongÃ¨resÂ Â» Ã  lâ€™encontre de son prÃ©sident Eddie KomboÃ¯go,https://lefaso.net/spip.php?article134704,
,,Politique,lefaso.net,6.0,"BurkinaÂ : Â«Â Nous devons intensifier les efforts sur tous les frontsÂ Â», affirme le nouveau Premier ministre, Jean Emmanuel OuÃ©draogo",https://lefaso.net/spip.php?article134674,
,,Politique,lefaso.net,6.0,Burkina FasoÂ : Bassolma BaziÃ© nommÃ© prÃ©sident de la Commission nationale de la ConfÃ©dÃ©ration des Etats du Sahel,https://lefaso.net/spip.php?article134675,
,,Politique,lefaso.net,6.0,"Burkina Faso / Nouveau gouvernementÂ : DÃ©part de Bassolma BaziÃ©, entrÃ©e du gÃ©nÃ©ral SimporÃ©â€¦ les changements notables",https://lefaso.net/spip.php?article134664,
,,Politique,lefaso.net,6.0,BurkinaÂ : Le gÃ©nÃ©ral de brigade CÃ©lestin SimporÃ© nommÃ© ministre de la DÃ©fense,https://lefaso.net/spip.php?article134669,
,,Politique,lefaso.net,6.0,Burkina FasoÂ : Jean Emmanuel OuÃ©draogo nommÃ© Premier ministre,https://lefaso.net/spip.php?article134659,
,,Politique,lefaso.net,6.0,"Burkina FasoÂ : Fin de fonction du Premier ministre Apollinaire Kyelem, le gouvernement dissout",https://lefaso.net/spip.php?article134644,
,,Politique,lefaso.net,6.0,BurkinaÂ : Trois citoyens demandent des prÃ©cisions au Premier ministre sur sa remise en cause de la cÃ©lÃ©bration du 11 dÃ©cembre,https://lefaso.net/spip.php?article134571,
,,Politique,lefaso.net,6.0,"Burkina Faso / CÃ©lÃ©bration du 11 dÃ©cembreÂ : Â«Â La date de la fÃªte nationale reste Ã  Ã©crireÂ Â», prÃ©vient le Premier ministre",https://lefaso.net/spip.php?article134540,
,,Politique,lefaso.net,6.0,FÃªte nationaleÂ : Le Premier ministre questionne le choix de la date du 11 dÃ©cembre,https://lefaso.net/spip.php?article134536,
,,Politique,lefaso.net,6.0,BurkinaÂ : Les dÃ©putÃ©s votent la loi portant statut gÃ©nÃ©ral des personnels des forces armÃ©es nationales,https://lefaso.net/spip.php?article134507,
,,Politique,lefaso.net,6.0,SÃ©jour du Chef de lâ€™Etat dans les Hauts-BassinsÂ : Les autoritÃ©s administratives et militaires rÃ©affirment leur engagement,https://lefaso.net/spip.php?article134491,
,,Politique,lefaso.net,6.0,"BurkinaÂ : Les PDS sommÃ©s de se contenter des mots de bienvenue en lieu et place des discours ""fleuves"" lors des cÃ©rÃ©monies",https://lefaso.net/spip.php?article134482,
,,Politique,lefaso.net,6.0,"BurkinaÂ : Le pouvoir fait des ""rÃ©vÃ©lations graves"" sur des entreprises immobiliÃ¨res",https://lefaso.net/spip.php?article134456,
,,Politique,lefaso.net,6.0,Armoiries du Burkina FasoÂ : Vers une rÃ©vision de la loi y relative,https://lefaso.net/spip.php?article134454,
,,Politique,lefaso.net,6.0,Burkina/GouvernanceÂ : La CODEL prÃ©sente son Plan stratÃ©gique 2025-2029 aux partenaires et affiche ses ambitions pour le pays,https://lefaso.net/spip.php?article134417,
,,Politique,lefaso.net,6.0,"BurkinaÂ : Les dÃ©putÃ©s et le personnel de lâ€™ALT invitÃ©s Ã  sâ€™approprier la devise Â«Â La Patrie ou la Mort, nous VaincronsÂ Â»",https://lefaso.net/spip.php?article134355,
,,Politique,lefaso.net,6.0,BurkinaÂ : Le prÃ©sident du Faso promulgue la loi portant rÃ©vision de la Constitution,https://lefaso.net/spip.php?article134309,
,,Politique,lefaso.net,6.0,BurkinaÂ : Les dÃ©putÃ©s de lâ€™ALT adoptent le projet de loi portant administration du travail dâ€™intÃ©rÃªt gÃ©nÃ©ral,https://lefaso.net/spip.php?article134025,
,,Politique,lefaso.net,6.0,Projet de dÃ©stabilisation de la TransitionÂ : Des soldats refusent un marchÃ© de cinq milliards,https://lefaso.net/spip.php?article134049,
,,Politique,lefaso.net,6.0,"BurkinaÂ : DÃ©penses Ã  la prÃ©sidence du Faso, brebis galeuses Ã  lâ€™action sociale, Â«Â sabotageÂ Â» Ã  Air Burkinaâ€¦ Le prÃ©sident Ibrahim TraorÃ© sâ€™exprime",https://lefaso.net/spip.php?article133915,
,,Politique,lefaso.net,7.0,BurkinaÂ : Lâ€™AssemblÃ©e lÃ©gislative de transition valide le projet de loi portant modification de la constitution,https://lefaso.net/spip.php?article133661,
,,Politique,lefaso.net,7.0,"DÃ©senclavement et urbanisationÂ : Le gouvernement adopte lâ€™Initiative prÃ©sidentielle ""Faso MÃªbo""",https://lefaso.net/spip.php?article133601,
,,Politique,lefaso.net,7.0,"Burkina/CÃ©lÃ©bration du 15 octobreÂ : Â«Â MÃ©ditez le sens profond de notre hymne national et de lâ€™hymne de la rÃ©volutionÂ Â», Apollinaire KyÃ©lÃ¨m de TambÃ¨la",https://lefaso.net/spip.php?article133543,
,,Politique,lefaso.net,7.0,37e anniversaire de lâ€™assassinat de Thomas SankaraÂ : Le PrÃ©sident du Faso rend hommage Ã  un grand visionnaire,https://lefaso.net/spip.php?article133549,
,,Politique,lefaso.net,7.0,"BurkinaÂ : Â«Â Vivons avec le minimum quâ€™on a, et vivons surtout dignesÂ Â», souligne le conseiller spÃ©cial du prÃ©sident du Faso, William SosthÃ¨ne Sanou",https://lefaso.net/spip.php?article133478,
,,Politique,lefaso.net,7.0,Burkina FasoÂ : Le Premier ministre prÃ©sente ses excuses suite Ã  ses propos polÃ©miques sur les fÃ©tiches,https://lefaso.net/spip.php?article133407,
,,Politique,lefaso.net,7.0,"Burkina/ SÃ©curitÃ©Â : Â«Â Toutes les communes auront la prÃ©sence dâ€™une force de sÃ©curitÃ©Â Â», prÃ©sident du Faso",https://lefaso.net/spip.php?article133316,
,,Politique,lefaso.net,7.0,"Burkina/ Tentative de dÃ©stabilisationÂ : Â«Â Je ne vous promets rien, mais jâ€™espÃ¨re que Damiba sera extradÃ©Â Â», prÃ©sident du Faso",https://lefaso.net/spip.php?article133317,
,,Politique,lefaso.net,7.0,ğŸ›‘Burkina/AN II de la TransitionÂ : Lâ€™adresse du prÃ©sident du Faso aux BurkinabÃ¨,https://lefaso.net/spip.php?article133308,
,,Politique,lefaso.net,7.0,"Burkina/MontÃ©e des couleurs Ã  la PrimatureÂ : Â«Â Je vous demande de contribuer Ã  lâ€™Ã©ducation de vos enfants. Et vous-mÃªmes, vous devez vous Ã©duquerÂ Â» (Premier ministre)",https://lefaso.net/spip.php?article133274,
,,Politique,lefaso.net,7.0,"BurkinaÂ : Â«Â PrÃ¨s de 70% du territoire est dÃ©sormais sous le contrÃ´le de lâ€™Ã‰tatÂ Â», dÃ©clare Jean Marie TraorÃ© (ministre des Affaires Ã©trangÃ¨res)",https://lefaso.net/spip.php?article133207,
,,Politique,lefaso.net,7.0,Burkina/AN II de la TransitionÂ : Le prÃ©sident du Faso sâ€™adressera aux BurkinabÃ¨ le 5 octobre 2024 sur la Radio nationale,https://lefaso.net/spip.php?article133202,
,,Politique,lefaso.net,7.0,"Tentative de dÃ©stabilisation du BurkinaÂ : Lâ€™ex-commandant des Forces spÃ©ciales, Ahmed Kinda, passe aux aveux (RTB)",https://lefaso.net/spip.php?article133166,
,,Politique,lefaso.net,7.0,UniversitÃ© dâ€™Ã©tÃ© des jeunes de lâ€™AESÂ : Le PrÃ©sident du Faso invite la jeunesse Ã  faire Ã©chec Ã  la manipulation,https://lefaso.net/spip.php?article133134,
,,Politique,lefaso.net,7.0,UniversitÃ© dâ€™Ã©tÃ© de lâ€™AESÂ :  Des jeunes rÃ©unis pour discuter des enjeux de la confÃ©dÃ©ration,https://lefaso.net/spip.php?article133086,
,,Politique,lefaso.net,7.0,Secteur de lâ€™assuranceÂ : Le gouvernement dÃ©cide de la crÃ©ation dâ€™une sociÃ©tÃ© de rÃ©assurance,https://lefaso.net/spip.php?article133080,
,,Politique,lefaso.net,7.0,Burkina/Tentative de dÃ©stabilisationÂ : Lâ€™intÃ©gralitÃ© de la dÃ©claration du ministre Mahamoudou Sana,https://lefaso.net/spip.php?article133049,
,,Politique,lefaso.net,7.0,"BurkinaÂ : Le ministre de la SÃ©curitÃ© annonce une tentative internationale de dÃ©stabilisation et siffle ""la fin de la rÃ©crÃ©ation""",https://lefaso.net/spip.php?article133043,
,,Politique,lefaso.net,7.0,Gouvernance dans les Etats de lâ€™AESÂ : KelgwendÃ© AndrÃ© Sawadogo suggÃ¨re dâ€™amorcer une vraie rÃ©volution,https://lefaso.net/spip.php?article132833,
,,Politique,lefaso.net,7.0,Attaque de BarsaloghoÂ : Le Premier ministre pointe du doigt le non-respect des instructions pour protÃ©ger les populations,https://lefaso.net/spip.php?article132793,
,,Politique,lefaso.net,8.0,Burkina/ALTÂ : Le gouvernement retire le projet de loi constitutionnelle portant rÃ©vision de la constitution,https://lefaso.net/spip.php?article132598,
,,Politique,lefaso.net,8.0,Soutien Ã  la TransitionÂ : Des chefs coutumiers resserrent les rangs Ã  travers Â«Â Burkina Celbal BaaraÂ Â»,https://lefaso.net/spip.php?article132584,
,,Politique,lefaso.net,8.0,"BurkinaÂ : Il faut aller Ã  la rÃ©conciliation nationale, câ€™est primordial",https://lefaso.net/spip.php?article132486,
,,Politique,lefaso.net,8.0,Burkina FasoÂ : Adoption dâ€™un avant-projet de loi constitutionnelle portant modification de la devise,https://lefaso.net/spip.php?article132396,
,,Politique,lefaso.net,8.0,7e anniversaire du dÃ©cÃ¨s de Salifou DialloÂ : Le MPP rend hommage Ã  un combattant infatigable,https://lefaso.net/spip.php?article132336,
,,Politique,lefaso.net,8.0,IndÃ©pendance Ã©nergÃ©tiqueÂ : Le Burkina crÃ©e une Agence de lâ€™Energie Atomique,https://lefaso.net/spip.php?article132287,
,,Politique,lefaso.net,8.0,Burkina/Ã‰ducationÂ : Environ 1 300 Ã©coles rouvertes dâ€™octobre 2023 Ã  juin 2024 selon le ministre de lâ€™Ã©ducation Jacques SosthÃ¨ne Dingara,https://lefaso.net/spip.php?article132190,
,,Politique,lefaso.net,8.0,"Burkina / Evaluation des ministresÂ : Un taux dâ€™exÃ©cution de 56,14% pour le ministÃ¨re de la Fonction publique",https://lefaso.net/spip.php?article132182,
,,Politique,lefaso.net,8.0,Burkina/Ã‰valuation des ministresÂ : Un taux de rÃ©alisation de 63% pour le ministÃ¨re de la Justice,https://lefaso.net/spip.php?article132181,
,,Politique,lefaso.net,8.0,"Burkina/Ã‰valuation des ministresÂ : Un appui psychologique apportÃ© Ã  plus de 1,3 million de PDI par le dÃ©partement en charge de lâ€™Action humanitaire",https://lefaso.net/spip.php?article132180,
,,Politique,lefaso.net,8.0,Burkina/Ã‰valuation des ministresÂ : Un taux dâ€™exÃ©cution de 57% au ministÃ¨re de lâ€™Agriculture,https://lefaso.net/spip.php?article132179,
,,Politique,lefaso.net,8.0,Burkina/Ã‰valuation des ministresÂ : Un taux de rÃ©alisation de 48% pour un taux repÃ¨re de 50% au ministÃ¨re de la SantÃ©,https://lefaso.net/spip.php?article132178,
,,Politique,lefaso.net,8.0,"Burkina/ ReconquÃªte du territoireÂ : Â«Â Sur le terrain, nous avons Ã©voluÃ© jusquâ€™aux environs de 69%...Â Â», gÃ©nÃ©ral Kassoum Coulibaly",https://lefaso.net/spip.php?article132149,
,,Politique,lefaso.net,8.0,"DÃ©mocratie en AfriqueÂ : Â«Â Lâ€™opposition aux rÃ©gimes militaires sâ€™est affaiblie de 11 points et le soutien aux Ã©lections de 8 points Ã  travers 30 paysÂ Â», rapport 2024 Afrobarometer",https://lefaso.net/spip.php?article132144,
,,Politique,lefaso.net,8.0,"Burkina/Ã‰valuation des ministresÂ : Un taux de rÃ©alisation de 47,68% pour le ministÃ¨re de lâ€™Administration territoriale et de la sÃ©curitÃ©",https://lefaso.net/spip.php?article132148,
,,Politique,lefaso.net,8.0,BurkinaÂ : Les formations Ã  lâ€™extÃ©rieur au profit des membres des conseils dâ€™administration des sociÃ©tÃ©s dâ€™Ã‰tat sont interdites,https://lefaso.net/spip.php?article132138,
,,Politique,lefaso.net,8.0,"BurkinaÂ : Â«Â Le prÃ©sident Ibrahim TraorÃ© sâ€™Ã©vertue Ã  appliquer les options idÃ©ologiques de la RDP, son mentor câ€™est Thomas SankaraÂ Â», traduit Dr Siaka Coulibaly",https://lefaso.net/spip.php?article132076,
,,Politique,lefaso.net,8.0,Burkina/ Remaniement ministÃ©rielÂ : Voici la liste des membres du gouvernement,https://lefaso.net/spip.php?article132003,
,,Politique,lefaso.net,8.0,"Processus de dÃ©signation de dÃ©putÃ©s Ã  lâ€™ALTÂ : Le MDA souhaite quâ€™Ã  lâ€™avenir, le ministÃ¨re se donne la peine pour un retour dâ€™information",https://lefaso.net/spip.php?article131735,
,,Politique,lefaso.net,8.0,Burkina/AssemblÃ©e LÃ©gislative de TransitionÂ : Les 12 dÃ©putÃ©s reprÃ©sentant les partis politiques installÃ©s,https://lefaso.net/spip.php?article131680,
,,Politique,lefaso.net,9.0,"Burkina/Administration publiqueÂ : Â«Â Pendant longtemps, ce sont les plus corrompus, les plus malhonnÃªtes qui ont Ã©tÃ© mis Ã  la lumiÃ¨re, (...)Â Â», dÃ©nonce le prÃ©sident Ibrahim TraorÃ©",https://lefaso.net/spip.php?article131606,
,,Politique,lefaso.net,9.0,Burkina/LibÃ©ration de Me Guy HervÃ© KamÂ : Le SOCL apporte son soutien et manifeste sa solidaritÃ©,https://lefaso.net/spip.php?article131605,
,,Politique,lefaso.net,9.0,BurkinaÂ : Le Mouvement pour la DÃ©mocratie en Afrique (MDA) suspend un de ses responsables pour Â«Â actes dâ€™indiscipline et dâ€™insubordinationÂ Â»,https://lefaso.net/spip.php?article131597,
,,Politique,lefaso.net,9.0,"BurkinaÂ : Le prÃ©sident Ibrahim TraorÃ© dÃ©nonce ""un centre des opÃ©rations Ã  Abidjan pour dÃ©stabiliser le pays, deux bases franÃ§aises au BÃ©nin qui forment et Ã©quipent des terroristes""",https://lefaso.net/spip.php?article131553,
,,Politique,lefaso.net,9.0,"BurkinaÂ : Le prÃ©sident Ibrahim TraorÃ© annonce pour bientÃ´t une bataille ""pour nettoyer la justice""",https://lefaso.net/spip.php?article131559,
,,Politique,lefaso.net,9.0,"BurkinaÂ : Â«Â On va diminuer le personnel dans les Ambassades, parce que câ€™est tropÂ Â», informe le prÃ©sident Ibrahim TraorÃ©",https://lefaso.net/spip.php?article131556,
,,Politique,lefaso.net,9.0,"Rencontre Chef de lâ€™Ã‰tat/Forces-vivesÂ : Douze composantes prendront la parole, dont les Organisations professionnelles des mÃ©dias",https://lefaso.net/spip.php?article131542,
,,Politique,lefaso.net,9.0,BurkinaÂ : Le PrÃ©sident du Faso Ã  lâ€™Ã©coute des Forces vives de la Nation ce 11 juillet 2024,https://lefaso.net/spip.php?article131489,
,,Politique,lefaso.net,9.0,"PrÃ©sident de la transition Ã  prÃ©sident du FasoÂ : Â«Â Cette nouvelle attribution nâ€™a aucune implication juridique identifiableÂ Â», selon le Pr RelwendÃ© Louis Martial Zongo, constitutionnaliste",https://lefaso.net/spip.php?article131429,
,,Politique,lefaso.net,9.0,Conduite de la TransitionÂ : les BurkinabÃ¨ du Niger saluent lâ€™engagement du Capitaine Ibrahim TRAORE,https://lefaso.net/spip.php?article131435,
,,Politique,lefaso.net,9.0,Lettre ouverte au Premier ministreÂ : Des citoyens burkinabÃ¨ partagent leurs prÃ©occupations sur la rÃ©cente modification de la Charte de la transition,https://lefaso.net/spip.php?article131419,
,,Politique,lefaso.net,9.0,BurkinaÂ : Vers une reconfiguration de lâ€™AssemblÃ©e lÃ©gislative de transition,https://lefaso.net/spip.php?article131364,
,,Politique,lefaso.net,9.0,"BurkinaÂ : Â«Â Nous ne sommes pas hÃ©ritiers de nâ€™importe quelle histoire. Nous devons savoirÂ Â» (Louis Armand Ouali, juillet 2006)",https://lefaso.net/spip.php?article131354,
,,Politique,lefaso.net,9.0,"BurkinaÂ : Â«Â Lâ€™Ã©quipe au pouvoir, pour rien au monde, nâ€™abandonnera encore le pays entre les mains des entrepreneurs politiques, des opportunistes ...Â Â» (Premier ministre)",https://lefaso.net/spip.php?article131311,
,,Politique,lefaso.net,9.0,"BurkinaÂ : Â«Â Nâ€™ayez pas peurÂ !Â Â», exhorte le Premier ministre, Dr Apollinaire KyÃ©lem De TambÃ¨la",https://lefaso.net/spip.php?article131301,
,,Politique,lefaso.net,9.0,"BurkinaÂ : Le ministre de lâ€™Administration territoriale rÃ©itÃ¨re aux prÃ©sidents des dÃ©lÃ©gations spÃ©ciales, lâ€™interdiction de vente de terrains",https://lefaso.net/spip.php?article131291,
,,Politique,lefaso.net,9.0,DiasporaÂ : Un mouvement patriotique organise en Italie un meeting de soutien aux autoritÃ©s du Sahel le 30 juin 2024,https://lefaso.net/spip.php?article131254,
,,Politique,lefaso.net,9.0,"BurkinaÂ : Â«Â Aucune force ne nous arrÃªteraÂ Â», lance le Premier ministre KyÃ©lÃ¨m aux dÃ©stabilisateurs de la Transition",https://lefaso.net/spip.php?article131123,
,,Politique,lefaso.net,9.0,"BurkinaÂ : GÃ©rard Kango OuÃ©draogo, le baobab de la politique",https://lefaso.net/spip.php?article131099,
,,Politique,lefaso.net,9.0,Education et formationÂ : Une Initiative prÃ©sidentielle pour dynamiser le secteur,https://lefaso.net/spip.php?article131084,
,,Politique,lefaso.net,10.0,"BurkinaÂ : Le prÃ©sident Ibrahim TraorÃ© prÃ©side le Conseil des ministres, aprÃ¨s avoir fait un tour Ã  la RTB",https://lefaso.net/spip.php?article131064,
,,Politique,lefaso.net,10.0,"BurkinaÂ : LibÃ©rÃ©, lâ€™ambassadeur Mousbila Sankara explique ce qui avait valu son interpellation",https://lefaso.net/spip.php?article130928,
,,Politique,lefaso.net,10.0,"Burkina /MinistÃ¨re de lâ€™Ã©conomieÂ : Un taux de rÃ©alisation de 89, 5.Â % en 2023 selon le ministre",https://lefaso.net/spip.php?article130932,
,,Politique,lefaso.net,10.0,"BurkinaÂ : Mousbila Sankara a Ã©tÃ© ""enlevÃ©""",https://lefaso.net/spip.php?article130905,
,,Politique,lefaso.net,10.0,BurkinaÂ : Un ancien leader politique saisit le Conseil constitutionnel pour Â«Â faire respecter la ConstitutionÂ Â»,https://lefaso.net/spip.php?article130903,
,,Politique,lefaso.net,10.0,"BurkinaÂ : De plain-pied dans les pratiques politiques, sans politiciens, et en pireÂ !",https://lefaso.net/spip.php?article130887,
,,Politique,lefaso.net,10.0,"BurkinaÂ : Le ministre Ã‰mile Zerbo de la SÃ©curitÃ© affiche un taux de rÃ©alisation de 87,67% (Bilan 2023)",https://lefaso.net/spip.php?article130899,
,,Politique,lefaso.net,10.0,"BurkinaÂ : Il faut dÃ©sormais dire ""PrÃ©sident du Faso, chef de lâ€™Ã‰tat, PrÃ©sident du conseil des ministres"" dans les documents officiels",https://lefaso.net/spip.php?article130814,
,,Politique,lefaso.net,10.0,BurkinaÂ : Le Socle citoyen pour la libÃ©ration (SOCL) dÃ©nonce des assises au forceps,https://lefaso.net/spip.php?article130738,
,,Politique,lefaso.net,10.0,"Relations AES-CEDEAOÂ : Â«Â Je tâ€™aime, moi non plus, doit devenir, je tâ€™aime malgrÃ© moiÂ Â» (Pr Abdoulaye Soma au lancement des activitÃ©s de la SBDI)",https://lefaso.net/spip.php?article130704,
,,Politique,lefaso.net,10.0,"BurkinaÂ : Affaires Â«Â lieutenant-colonel Somda Evrard, Guy HervÃ© Kam, Dah Sami et autresÂ Â», le Parquet militaire sâ€™exprime",https://lefaso.net/spip.php?article130663,
,,Politique,lefaso.net,10.0,"BurkinaÂ : Les conditions de Â«Â libÃ©rationÂ Â» et de Â«Â rÃ©cupÃ©rationÂ Â» de Me Guy HervÃ© Kam, selon le parquet du tribunal militaire",https://lefaso.net/spip.php?article130664,
,,Politique,lefaso.net,10.0,"""Reprise"" de Me Guy HervÃ© KamÂ : Â«Â Il a mÃªme demandÃ© Ã  entrer serrer sa fille. On lui a dit nonÂ Â» (le film de la nuit du 29 mai 2024, selon les avocats)",https://lefaso.net/spip.php?article130670,
,,Politique,lefaso.net,10.0,BurkinaÂ : Â«Â De ce que nous savons aussi du lieutenant-colonel ZoungranaÂ Â» (Parquet du tribunal militaire),https://lefaso.net/spip.php?article130666,
,,Politique,lefaso.net,10.0,"Affaire ""Me Guy HervÃ© Kam""Â : Â«Â Nous craignons pour la tournure que prend le BurkinaÂ Â» (avocats)",https://lefaso.net/spip.php?article130643,
,,Politique,lefaso.net,10.0,"Conclusions Assises nationalesÂ : ""Nul doute quâ€™avec la dÃ©termination du PrÃ©sident Ibrahim TraorÃ©, le Burkina Faso va renaÃ®tre de ses cendres et nous allons surprendre le monde..."" (le RÃ©seau des patriotes)",https://lefaso.net/spip.php?article130667,
,,Politique,lefaso.net,10.0,"Me Guy HervÃ© KamÂ : Globalement, son Ã©tat de santÃ© va bien, ainsi que son moral (selon ses avocats)",https://lefaso.net/spip.php?article130642,
,,Politique,lefaso.net,10.0,Burkina/Assises nationales du 25 mai 2024Â : IB et la solitude du pouvoir,https://lefaso.net/spip.php?article130619,
,,Politique,lefaso.net,10.0,Affaire Guy HervÃ© KamÂ : Le mouvement SENS dÃ©nonce un acharnement du MPSR2 sur son coordonnateur,https://lefaso.net/spip.php?article130604,
,,Politique,lefaso.net,10.0,"BurkinaÂ : Des citoyens expriment leurs attentes pour les cinq ans de ""mandat"" du prÃ©sident Ibrahim TraorÃ©",https://lefaso.net/spip.php?article130571,
,,SociÃ©tÃ©,lefaso.net,1.0,"MÃ©diasÂ : Les principes du web journalisme, selon Herman FrÃ©dÃ©ric BassolÃ©",https://lefaso.net/spip.php?article140363,
,,SociÃ©tÃ©,lefaso.net,1.0,â€œLe Faso Digital 2025â€Â : La premiÃ¨re foire virtuelle des solutions digitales pour un Burkina Faso rÃ©silient,https://lefaso.net/spip.php?article140351,
,,SociÃ©tÃ©,lefaso.net,1.0,Burkina/MÃ©tier dâ€™Ã©boueurÂ : Odette OuÃ©draogo invite les filles Ã  sâ€™y intÃ©resser,https://lefaso.net/spip.php?article140357,
,,SociÃ©tÃ©,lefaso.net,1.0,"BurkinaÂ : Lâ€™Association des promoteurs de polycliniques, cliniques privÃ©es du Burkina offre 25 tonnes de ciment Ã  Faso MÃªbo",https://lefaso.net/spip.php?article140360,
,,SociÃ©tÃ©,lefaso.net,1.0,"Burkina/DÃ©cÃ¨s maternel et pÃ©rinatalÂ :  Quelques signes de dangers Ã  prendre en compte pour sauver les mÃ¨res et leurs nouveau-nÃ©s, selon le Dr OussÃ©ni CompaorÃ©",https://lefaso.net/spip.php?article140352,
,,SociÃ©tÃ©,lefaso.net,1.0,Promo vacancesÂ :Â : Remise de lots aux gagnants de la tombola,https://lefaso.net/spip.php?article140364,
,,SociÃ©tÃ©,lefaso.net,1.0,Burkina/ FootballÂ : Le franco-burkinabÃ¨ Alban Lafont choisit la CÃ´te dâ€™Ivoire,https://lefaso.net/spip.php?article140358,
,,SociÃ©tÃ©,lefaso.net,1.0,Burkina/ Fonds national de solidaritÃ© et de rÃ©silience socialeÂ : Un outil de restauration de la dignitÃ© des populations vulnÃ©rables,https://lefaso.net/spip.php?article140354,
,,SociÃ©tÃ©,lefaso.net,1.0,"DÃ©cÃ¨s de Victor BoudaÂ : Â«Â Ses conseils Ã©taient toujours prÃ©cieuxÂ Â», tÃ©moigne Yannick Badolo, un des collaborateurs du dÃ©funt",https://lefaso.net/spip.php?article140350,
,,SociÃ©tÃ©,lefaso.net,1.0,"BurkinaÂ : ""Les chÃ´meurs et les personnes constituant la main dâ€™oeuvre potentielle reprÃ©sentent 13,1% de la main dâ€™oeuvre"", INSD",https://lefaso.net/spip.php?article140343,
,,SociÃ©tÃ©,lefaso.net,1.0,Affaire DiocÃ¨se de Koudougou contre Groupe Champy InternationalÂ : Le CSC valide sa mesure conservatoire et condamne Lefaso.net Ã  une amende de 250 000 F CFA,https://lefaso.net/spip.php?article140314,
,,SociÃ©tÃ©,lefaso.net,1.0,Burkina/ Orange Digital Center ( ODC)Â : 89 jeunes formÃ©s gratuitement .,https://lefaso.net/spip.php?article140329,
,,SociÃ©tÃ©,lefaso.net,1.0,"Orphelins des FDS et VDPÂ : Â«Â Nous avons la responsabilitÃ© dâ€™aider ces enfants Ã  grandir, sans sentir la perte de leur parentÂ Â», appelle GrÃ©goire Bado de Rehoboth-IpÃ©nÃ©",https://lefaso.net/spip.php?article140336,
,,SociÃ©tÃ©,lefaso.net,1.0,JournÃ©e mondiale du chienÂ : Entre affection universelle et rÃ©alitÃ©s africaines,https://lefaso.net/spip.php?article140342,
,,SociÃ©tÃ©,lefaso.net,1.0,Burkina Faso/ Jeunesse catholiqueÂ : La 64áµ‰ AG nationale des CV-AV ouverte Ã  Ouagadougou,https://lefaso.net/spip.php?article140337,
,,SociÃ©tÃ©,lefaso.net,1.0,"Burkina/Fruits de saisonÂ : Les bienfaits nutritionnels de la liane, du raisin sauvage et du fruit du karitÃ©",https://lefaso.net/spip.php?article140335,
,,SociÃ©tÃ©,lefaso.net,1.0,"BurkinaÂ : En visite sur des chantiers Ã  Manga et PÃ´, le ministre CÃ©leste Anderson Medah presse les entreprises Ã  livrer dans les dÃ©lais",https://lefaso.net/spip.php?article140333,
,,SociÃ©tÃ©,lefaso.net,1.0,"BurkinaÂ : La cÃ©lÃ©bration du Maouloud prÃ©vue dans la nuit du 4 au 5 septembre 2025, les fidÃ¨les invitÃ©s Ã  lâ€™unitÃ© pour la paix",https://lefaso.net/spip.php?article140332,
,,SociÃ©tÃ©,lefaso.net,1.0,OuagadougouÂ : PrÃ¨s de 130 cas de violences et de traite signalÃ©s au premier semestre 2025,https://lefaso.net/spip.php?article140324,
,,SociÃ©tÃ©,lefaso.net,1.0,BurkinaÂ : Le Centre dâ€™animation fÃ©minine de Koudougou engagÃ© depuis 25 ans dans lâ€™insertion professionnelle des femmes et des jeunes filles,https://lefaso.net/spip.php?article140316,
,,SociÃ©tÃ©,lefaso.net,2.0,"EnvironnementÂ : Ouagadougou accueille la troisiÃ¨me rÃ©union statutaire du conseil des ministres du bien Complexe W-Arly-Pendjari (WAP), Roger Barro prend les rÃªnes",https://lefaso.net/spip.php?article140321,
,,SociÃ©tÃ©,lefaso.net,2.0,"""BRAKINA, ENTREPRISE CITOYENNE AU SERVICE DES ENFANTS MALADES",https://lefaso.net/spip.php?article140320,
,,SociÃ©tÃ©,lefaso.net,2.0,Burkina/Ã‰ducationÂ : NestlÃ© Burkina offre des bourses scolaires aux meilleurs Ã©lÃ¨ves du primaire,https://lefaso.net/spip.php?article140302,
,,SociÃ©tÃ©,lefaso.net,2.0,BurkinaÂ : Alino Faso repose dÃ©sormais au cimetiÃ¨re de Gounghin,https://lefaso.net/spip.php?article140282,
,,SociÃ©tÃ©,lefaso.net,2.0,"Burkina/ Abattage dâ€™un buffle et dâ€™un Ã©lÃ©phantÂ : Une dÃ©cision pour protÃ©ger les populations, selon le ministÃ¨re de lâ€™Environnement",https://lefaso.net/spip.php?article140288,
,,SociÃ©tÃ©,lefaso.net,2.0,Burkina/ Affaire commercialisation de lâ€™or et blanchiment de capitauxÂ : Trois prÃ©venus relaxÃ©s au bÃ©nÃ©fice du doute,https://lefaso.net/spip.php?article140284,
,,SociÃ©tÃ©,lefaso.net,2.0,Burkina/ SantÃ©Â : Les jumelles siamoises Hawa et Khadija reviennent guÃ©ries aprÃ¨s une opÃ©ration en Arabie Saoudite,https://lefaso.net/spip.php?article140295,
,,SociÃ©tÃ©,lefaso.net,2.0,Grande soirÃ©e de solidaritÃ© au profit de lâ€™orphelinat Sainte ThÃ©rÃ¨se de LoumbilaÂ : 30 aoÃ»t 2025 Ã  Ouagadougou,https://lefaso.net/spip.php?article140299,
,,SociÃ©tÃ©,lefaso.net,2.0,RÃ©publique dÃ©mocratique du CongoÂ : La peine de mort requise contre lâ€™ancien prÃ©sident Joseph Kabila,https://lefaso.net/spip.php?article140293,
,,SociÃ©tÃ©,lefaso.net,2.0,CAMP VACANCES FASO MÃŠBOÂ : La promotion Â«Â SÄ“mbdoÂ Â» promet apporter sa contribution Ã  lâ€™Ã©dification dâ€™une sociÃ©tÃ© exemplaire,https://lefaso.net/spip.php?article140292,
,,SociÃ©tÃ©,lefaso.net,2.0,Burkina/ Travaux dâ€™IntÃ©rÃªt GÃ©nÃ©ralÂ : 20 dÃ©tenus de Dori contribuent Ã  lâ€™assainissement et au reboisement,https://lefaso.net/spip.php?article140287,
,,SociÃ©tÃ©,lefaso.net,2.0,Burkina/Ã‰ducationÂ : NestlÃ© Burkina offre des bourses scolaires aux meilleurs Ã©lÃ¨ves du primaire,https://lefaso.net/spip.php?article140290,
,,SociÃ©tÃ©,lefaso.net,2.0,CybercriminalitÃ©Â : La BCLCC interpelle une internaute pour injures publiques sur les rÃ©seaux sociaux,https://lefaso.net/spip.php?article140285,
,,SociÃ©tÃ©,lefaso.net,2.0,"Burkina/ Abattage dâ€™Ã©lÃ©phant Ã  Bobo-DioulassoÂ : Le dozo Ali KonatÃ©, a Ã©tÃ© sollicitÃ©",https://lefaso.net/spip.php?article140283,
,,SociÃ©tÃ©,lefaso.net,2.0,Burkina/ Projet Target malariaÂ : Lâ€™Ã©quipe a travaillÃ© en conformitÃ© avec la lÃ©gislation nationale,https://lefaso.net/spip.php?article140281,
,,SociÃ©tÃ©,lefaso.net,2.0,"Traite nÃ©griÃ¨reÂ : 23 aoÃ»t, JournÃ©e internationale du souvenir de la traite nÃ©griÃ¨re et de son abolition",https://lefaso.net/spip.php?article140280,
,,SociÃ©tÃ©,lefaso.net,2.0,BurkinaÂ : Lâ€™INSD et la CCI-BF de Bobo-Dioulasso vers une collaboration pour des donnÃ©es statistiques efficaces et pertinentes,https://lefaso.net/spip.php?article140279,
,,SociÃ©tÃ©,lefaso.net,2.0,JournÃ©e de lâ€™Excellence scolaire 2025Â : le Burkina Faso honore ses Ã©lÃ¨ves et enseignants dâ€™exception,https://lefaso.net/spip.php?article140273,
,,SociÃ©tÃ©,lefaso.net,2.0,Bobo-DioulassoÂ : Un Ã©lÃ©phant Ã©garÃ© sÃ¨me la panique au secteur 26 avant dâ€™Ãªtre abattu,https://lefaso.net/spip.php?article140276,
,,SociÃ©tÃ©,lefaso.net,2.0,BurkinaÂ : Le gouvernement met fin aux activitÃ©s du projet Target Malaria,https://lefaso.net/spip.php?article140264,
,,SociÃ©tÃ©,lefaso.net,3.0,"Hommage Ã  Alino FasoÂ : ""Câ€™Ã©tait un homme du peuple, un passionnÃ© de la culture, un bienfaiteur, lâ€™ami de tous"", retient Alif Naaba",https://lefaso.net/spip.php?article140265,
,,SociÃ©tÃ©,lefaso.net,3.0,"Burkina/ SantÃ©Â : Pose de prothÃ¨se totale du genou, une premiÃ¨re au CHU-YO",https://lefaso.net/spip.php?article140266,
,,SociÃ©tÃ©,lefaso.net,3.0,Burkina/SantÃ©Â : La Fondation Orange Burkina Faso sâ€™engage Ã  collecter au moins 1 000 poches de sang,https://lefaso.net/spip.php?article140260,
,,SociÃ©tÃ©,lefaso.net,3.0,"Hommage Ã  Alino FasoÂ : ""On retiendra de lui, ce combattant lÃ  qui a voulu que chaque burkinabÃ¨ ait de la dignitÃ© et de lâ€™honneur"", TÃ©lÃ©sphore Bationo",https://lefaso.net/spip.php?article140259,
,,SociÃ©tÃ©,lefaso.net,3.0,Burkina Faso / JournÃ©e de lâ€™excellence scolaire 2025Â : Le prÃ©sident du Faso a insistÃ© sur lâ€™importance des filiÃ¨res scientifiques pour relever les dÃ©fis du dÃ©veloppement,https://lefaso.net/spip.php?article140262,
,,SociÃ©tÃ©,lefaso.net,3.0,"Burkina/ Remplacement des Associations des parents dâ€™Ã©lÃ¨ves (APE) par les Conseils de lâ€™Ã©cole (CE)Â : Â«Â Une rÃ©volution douce mais dÃ©cisiveÂ Â», selon Nelson Congo, parent dâ€™Ã©lÃ¨ves et fondateur dâ€™Ã©tablissement",https://lefaso.net/spip.php?article140250,
,,SociÃ©tÃ©,lefaso.net,3.0,Burkina/ Projet Target malariaÂ : La coalition de veille sur les activitÃ©s biotechnologiques dÃ©nonce les lÃ¢chers de moustiques,https://lefaso.net/spip.php?article140241,
,,SociÃ©tÃ©,lefaso.net,3.0,Burkina / Don de sangÂ : Orabank Burkina rÃ©affirme son engagement citoyen,https://lefaso.net/spip.php?article140251,
,,SociÃ©tÃ©,lefaso.net,3.0,CAMP VACANCES FASO MÃŠBO Le PrÃ©sident du Faso missionne les campeursÂ : Â«Â Câ€™est votre responsabilitÃ© de construire ce paysÂ Â»,https://lefaso.net/spip.php?article140252,
,,SociÃ©tÃ©,lefaso.net,3.0,"CommÃ©moration de la journÃ©e mondiale 2025, contre lâ€™hÃ©patiteÂ : Les acteurs invitÃ©s Ã  renforcer la synergie dâ€™actions",https://lefaso.net/spip.php?article140229,
,,SociÃ©tÃ©,lefaso.net,3.0,"Burkina/CohÃ©sion socialeÂ : Â«Â Il faut sâ€™abstenir de vÃ©hiculer des discours de haine et de dÃ©nigrer les autres religionsÂ Â», conseille le Pr Mamadou Lamine Sanogo",https://lefaso.net/spip.php?article140228,
,,SociÃ©tÃ©,lefaso.net,3.0,DÃ©veloppementÂ : Encore six (6) nouveaux wagons-plateaux RENFE pour le parc matÃ©riel de SITARAIL,https://lefaso.net/spip.php?article140242,
,,SociÃ©tÃ©,lefaso.net,3.0,VidÃ©os et images dâ€™Ã©lÃ¨ves durant lâ€™immersion patriotiqueÂ : Les autoritÃ©s constatent des violations au droit Ã  lâ€™image et des informations tendant Ã  discrÃ©diter lâ€™initiative,https://lefaso.net/spip.php?article140238,
,,SociÃ©tÃ©,lefaso.net,3.0,BurkinaÂ : Coris Bourse offre 50 tonnes de ciment en soutien Ã  lâ€™initiative prÃ©sidentielle Faso MÃªbo,https://lefaso.net/spip.php?article140231,
,,SociÃ©tÃ©,lefaso.net,3.0,BurkinaÂ : La JournÃ©e mondiale de lâ€™aide humanitaire cÃ©lÃ©brÃ©e Ã  Fada Nâ€™Gourma,https://lefaso.net/spip.php?article140218,
,,SociÃ©tÃ©,lefaso.net,3.0,Burkina Faso / Droits dâ€™auteurÂ : Lâ€™AssemblÃ©e gÃ©nÃ©rale 2025 du BBDA tournÃ©e vers lâ€™avenir et la consolidation des acquis,https://lefaso.net/spip.php?article140226,
,,SociÃ©tÃ©,lefaso.net,3.0,Burkina FasoÂ : ZonhiÃ© Diallo empoche 78 881 000 FCFA au Pari mutuel urbain,https://lefaso.net/spip.php?article140217,
,,SociÃ©tÃ©,lefaso.net,3.0,Burkina/ JusticeÂ : Le corps de Alino Faso a Ã©tÃ© autopsiÃ©,https://lefaso.net/spip.php?article140235,
,,SociÃ©tÃ©,lefaso.net,3.0,"Accident dâ€™un car de transport en commun sous le pont NakambÃ© sur la RN3Â : Â«Â Il se peut que les victimes aient Ã©tÃ© emportÃ©es par les courants dâ€™eauÂ Â», hypothÃ¨se des sapeurs pompiers",https://lefaso.net/spip.php?article140236,
,,SociÃ©tÃ©,lefaso.net,3.0,"BurkinaÂ : 83% des emplois au niveau national sont vulnÃ©rables, selon lâ€™INSD",https://lefaso.net/spip.php?article140224,
,,SociÃ©tÃ©,lefaso.net,4.0,"Burkina/SantÃ©Â : HÃ©patites B et C au Burkina, le taux de dÃ©pistage reste encore faible",https://lefaso.net/spip.php?article140216,
,,SociÃ©tÃ©,lefaso.net,4.0,"BurkinaÂ : Un car de transport en commun tombe sous le pont NakambÃ© sur la RN3, des victimes enregistrÃ©es",https://lefaso.net/spip.php?article140220,
,,SociÃ©tÃ©,lefaso.net,4.0,"Burkina/ MediasÂ : Yacouba TraorÃ©, le maÃ®tre qui a faÃ§onnÃ© des gÃ©nÃ©rations de journalistes, laisse un hÃ©ritage incommensurable",https://lefaso.net/spip.php?article140204,
,,SociÃ©tÃ©,lefaso.net,4.0,AlimentationÂ :  Les bienfaits des Ã©pices naturelles,https://lefaso.net/spip.php?article140202,
,,SociÃ©tÃ©,lefaso.net,4.0,BurkinaÂ : Un VDP recherchÃ© pour meurtre et coups et blessures volontaires,https://lefaso.net/spip.php?article140210,
,,SociÃ©tÃ©,lefaso.net,4.0,"BurkinaÂ : Alino Faso sera inhumÃ© le samedi 23 aoÃ»t, au cimetiÃ¨re de Gounghin",https://lefaso.net/spip.php?article140209,
,,SociÃ©tÃ©,lefaso.net,4.0,"Salon malien pour lâ€™architecture et la constructionÂ : Pays invitÃ© dâ€™honneur, le Burkina Faso partage son expertise",https://lefaso.net/spip.php?article140206,
,,SociÃ©tÃ©,lefaso.net,4.0,Bataillon de lâ€™intendance militaireÂ : Le commandant Moussa Valian dÃ©sormais aux commandes,https://lefaso.net/spip.php?article140199,
,,SociÃ©tÃ©,lefaso.net,4.0,Burkina/ Examens professionnelsÂ : Câ€™est parti pour le CAPPE et le CAPEPEÂ !,https://lefaso.net/spip.php?article140197,
,,SociÃ©tÃ©,lefaso.net,4.0,BurkinaÂ : Le ministÃ¨re des infrastructures et la BOAD Ã©changent sur deux projets routiers,https://lefaso.net/spip.php?article140196,
,,SociÃ©tÃ©,lefaso.net,4.0,Burkina / ArrivÃ©e de la dÃ©pouille dâ€™Alino FasoÂ : Recueillement et appel Ã  justice Ã  Ouagadougou,https://lefaso.net/spip.php?article140186,
,,SociÃ©tÃ©,lefaso.net,4.0,"Hommage Ã  Yacouba TraorÃ©Â : Le ""baobab des mÃ©dias"" burkinabÃ¨ inhumÃ© Ã  Gounghin",https://lefaso.net/spip.php?article140187,
,,SociÃ©tÃ©,lefaso.net,4.0,Burkina/ReconquÃªte du territoire nationalÂ : Le Directeur GÃ©nÃ©ral de la Police Nationale galvanise les unitÃ©s combattantes GUMI et VDP au front,https://lefaso.net/spip.php?article140184,
,,SociÃ©tÃ©,lefaso.net,4.0,Burkina/SantÃ©Â : La journÃ©e mondiale contre lâ€™hÃ©patite commÃ©morÃ©e du 16 au 30 aoÃ»t 2025,https://lefaso.net/spip.php?article140181,
,,SociÃ©tÃ©,lefaso.net,4.0,DÃ©dougouÂ : Lâ€™excellence scolaire et la cohÃ©sion sociale promues Ã  Tionkuy,https://lefaso.net/spip.php?article140182,
,,SociÃ©tÃ©,lefaso.net,4.0,Burkina/ Divagation des animauxÂ : 7000 tÃªtes dâ€™animaux saisies Ã  Ouagadougou au premier semestre 2025,https://lefaso.net/spip.php?article140176,
,,SociÃ©tÃ©,lefaso.net,4.0,SEMFILMSÂ : Changement Ã  la Coordination du Festival CinÃ© Droit Libre,https://lefaso.net/spip.php?article140174,
,,SociÃ©tÃ©,lefaso.net,4.0,DÃ©cÃ¨s de Alino FasoÂ : Son corps sera rapatriÃ© le  lundi 18 aoÃ»t 2025,https://lefaso.net/spip.php?article140161,
,,SociÃ©tÃ©,lefaso.net,4.0,Burkina FasoÂ : Le personnel de Lefaso.net sâ€™offre deux jours de tourisme interne pour renforcer la cohÃ©sion dâ€™Ã©quipe,https://lefaso.net/spip.php?article140171,
,,SociÃ©tÃ©,lefaso.net,4.0,"Burkina/Paix et solidaritÃ©Â : Â«Â Lâ€™APS-BF nâ€™est pas un simple acte associatifÂ ; elle est une proclamation dâ€™espÃ©ranceÂ Â», fÃ©licite le PDS de Komsilga",https://lefaso.net/spip.php?article140167,
,,SociÃ©tÃ©,lefaso.net,5.0,"JusticeÂ : Prise en flagrant dÃ©lit de production dâ€™emballages et de sachets en plastique, la sociÃ©tÃ© SO.BU.CH.PLAST SARL mise sous scellÃ©s, son directeur interpelÃ©",https://lefaso.net/spip.php?article140157,
,,SociÃ©tÃ©,lefaso.net,5.0,9Ã¨ Salon international de la programmation neurolinguistiqueÂ : 29 et 30 aoÃ»t 2025 Ã  Ouagadougou,https://lefaso.net/spip.php?article140165,
,,SociÃ©tÃ©,lefaso.net,5.0,Burkina/MÃ©diasÂ : Deux jours de sortie dÃ©tente touristique pour le personnel de Lefaso.net,https://lefaso.net/spip.php?article140158,
,,SociÃ©tÃ©,lefaso.net,5.0,Burkina/JournÃ©e promotionnelle du livre chrÃ©tienÂ : Les adolescents au cÅ“ur des activitÃ©s de la 4e Ã©dition,https://lefaso.net/spip.php?article140151,
,,SociÃ©tÃ©,lefaso.net,5.0,"SolennitÃ© de lâ€™AssomptionÂ : Â«Â Nous devons tenir la main de Marie pour traverser cette vie marquÃ©e par tant dâ€™Ã©preuvesÂ Â», Mgr Prosper KontiÃ©bo",https://lefaso.net/spip.php?article140148,
,,SociÃ©tÃ©,lefaso.net,5.0,Burkina/ReligionÂ : 65 pÃ¨lerins parcourent Ã  pied 145 km de KoupÃ©la Ã  Yagma pour la solennitÃ© de lâ€™Assomption 2025,https://lefaso.net/spip.php?article140139,
,,SociÃ©tÃ©,lefaso.net,5.0,BurkinaÂ : Les entrepreneurs touristiques sensibilisÃ©s sur le blanchiment de capitaux et le financement du terrorisme,https://lefaso.net/spip.php?article140149,
,,SociÃ©tÃ©,lefaso.net,5.0,"BurkinaÂ : La Police nationale annonce lâ€™arrestation de Zeba Idrissa, prÃ©sumÃ© auteur de vol de minerais de la sociÃ©tÃ© SALME KOOM",https://lefaso.net/spip.php?article140144,
,,SociÃ©tÃ©,lefaso.net,5.0,"Ambassadeurs de la paix awardsÂ : Pari gagnÃ© pour la 5áµ‰ Ã©dition, des perspectives pour lâ€™Ã©dition Ã  venir",https://lefaso.net/spip.php?article140147,
,,SociÃ©tÃ©,lefaso.net,5.0,Burkina/SantÃ©Â : PremiÃ¨re transplantation rÃ©nale rÃ©ussie au CHU de Tengandogo,https://lefaso.net/spip.php?article140142,
,,SociÃ©tÃ©,lefaso.net,5.0,"Burkina / EnseignementÂ : Â«Â Nous allons prendre en considÃ©ration lâ€™Initiative prÃ©sidentielle pour une Ã©ducation de qualitÃ© pour tousÂ Â», Ali Abadansia Liliou, prÃ©sident de UNEPEL",https://lefaso.net/spip.php?article140132,
,,SociÃ©tÃ©,lefaso.net,5.0,Recouvrement des crÃ©ances des anciens Fonds du MinistÃ¨re en charge de la jeunesseÂ : le Fonds Faso Kuna-Wili menace de vendre les maisons hypothÃ©quÃ©es des promoteurs dÃ©faillants,https://lefaso.net/spip.php?article140123,
,,SociÃ©tÃ©,lefaso.net,5.0,BurkinaÂ : Un festival international des enfants pour rÃ©vÃ©ler leur gÃ©nie crÃ©ateur,https://lefaso.net/spip.php?article140121,
,,SociÃ©tÃ©,lefaso.net,5.0,RÃ©organisation du territoire du Burkina FasoÂ :  La province du Sourou sera-t-elle renommÃ©eÂ ?,https://lefaso.net/spip.php?article140120,
,,SociÃ©tÃ©,lefaso.net,5.0,BurkinaÂ : LÃ©on KompaorÃ© empoche prÃ¨s de 98 000 000 FCFA grÃ¢ce au PMUâ€™B,https://lefaso.net/spip.php?article140117,
,,SociÃ©tÃ©,lefaso.net,5.0,Fada Nâ€™GourmaÂ : une opÃ©ration coup de poing pour instaurer la discipline routiÃ¨re,https://lefaso.net/spip.php?article140131,
,,SociÃ©tÃ©,lefaso.net,5.0,SÃ©curitÃ© routiÃ¨reÂ : Lâ€™ONASER dÃ©ploie sa premiÃ¨re antenne rÃ©gionale Ã  Bobo-Dioulasso,https://lefaso.net/spip.php?article140122,
,,SociÃ©tÃ©,lefaso.net,5.0,Burkina FasoÂ : Orange Burkina Faso lance la 2áµ‰ Ã©dition du Â«Â Challenge BarkaÂ Â» pour rÃ©compenser ses revendeurs,https://lefaso.net/spip.php?article140126,
,,SociÃ©tÃ©,lefaso.net,5.0,Soutenance de PhD en Parasitologie-MycologieÂ :  Dr WendkiÃ¨ta Isidore Yerbanga traque un ennemi invisible qui menace la santÃ© mondiale,https://lefaso.net/spip.php?article140119,
,,SociÃ©tÃ©,lefaso.net,5.0,"Faso MÃªboÂ : Le ComitÃ© international du mÃ©morial Thomas Sankara offre du matÃ©riel dâ€™une valeur de 3,7 millions de FCFA",https://lefaso.net/spip.php?article140118,
,,SociÃ©tÃ©,lefaso.net,6.0,BurkinaÂ : Lâ€™IRSS annonce le lancement du lÃ¢cher de moustiques modifiÃ©s Ã  Souroukoudingan pour intensifier la lutte contre le paludisme,https://lefaso.net/spip.php?article140115,
,,SociÃ©tÃ©,lefaso.net,6.0,Burkina/Immersion patriotiqueÂ : Le capitaine Ibrahim TraorÃ© invite les bacheliers Ã  Ãªtre de Â«Â bons patriotes et Ã  ne jamais trahir la mÃ¨re patrieÂ Â»,https://lefaso.net/spip.php?article140104,
,,SociÃ©tÃ©,lefaso.net,6.0,Immersion patriotiqueÂ : Les nouveaux bacheliers prÃªts Ã  sâ€™engager pour le dÃ©veloppement du Burkina,https://lefaso.net/spip.php?article140109,
,,SociÃ©tÃ©,lefaso.net,6.0,Burkina/Immersion patriotique obligatoireÂ : Plus de 9 200 bacheliers engagÃ©s dans la rÃ©gion du Guiriko (Hauts-Bassins),https://lefaso.net/spip.php?article140100,
,,SociÃ©tÃ©,lefaso.net,6.0,"BurkinaÂ : 500 enfants bÃ©nÃ©ficiaires dâ€™extraits dâ€™actes de naissance, fruit dâ€™une collaboration entre la mairie de Dialgaye et lâ€™ONG Children Believe",https://lefaso.net/spip.php?article140111,
,,SociÃ©tÃ©,lefaso.net,6.0,BurkinaÂ : De plain-pied dans lâ€™Immersion patriotique obligatoire pour les Ã©lÃ¨ves,https://lefaso.net/spip.php?article140105,
,,SociÃ©tÃ©,lefaso.net,6.0,"BurkinaÂ : KUNAFONI, le projet en IA quâ€™un jeune offre Ã  la Nation pour soutenir ses agriculteurs",https://lefaso.net/spip.php?article140096,
,,SociÃ©tÃ©,lefaso.net,6.0,BurkinaÂ : plus de 235 millions USD investis par le systÃ¨me des Nations Unies pour amÃ©liorer le bien-Ãªtre des populations en 2024,https://lefaso.net/spip.php?article140103,
,,SociÃ©tÃ©,lefaso.net,6.0,Commune de OuagadougouÂ : Deux couples interpellÃ©s pour non-respect de la rÃ©glementation des cortÃ¨ges,https://lefaso.net/spip.php?article140093,
,,SociÃ©tÃ©,lefaso.net,6.0,TomaÂ : Mobilisation citoyenne pour assainir le grand marchÃ©,https://lefaso.net/spip.php?article140091,
,,SociÃ©tÃ©,lefaso.net,6.0,La femme catholique et la non-violenceÂ : Une confÃ©rence inspirante Ã  la paroisse SacrÃ©-CÅ“ur de Toma,https://lefaso.net/spip.php?article140098,
,,SociÃ©tÃ©,lefaso.net,6.0,"Burkina/Immersion patriotiqueÂ : Le capitaine Ibrahim TraorÃ© invite les bacheliers Ã  Ãªtre de ""bons patriotes et Ã  ne jamais trahir la mÃ¨re Patrie""",https://lefaso.net/spip.php?article140087,
,,SociÃ©tÃ©,lefaso.net,6.0,VIH au Burkina FasoÂ : Lâ€™espoir fragile des personnes sÃ©ropositives face aux dÃ©fis persistants,https://lefaso.net/spip.php?article140084,
,,SociÃ©tÃ©,lefaso.net,6.0,"Burkina/Tracasseries routiÃ¨resÂ : En croisade contre les pratiques illicites sur les routes, la CONACFP ouvre ses portes aux dÃ©nonciations des usagers",https://lefaso.net/spip.php?article140072,
,,SociÃ©tÃ©,lefaso.net,6.0,Burkina/JusticeÂ : 65 dossiers en lien avec la rÃ©pression du terrorisme jugÃ©s entre janvier et juillet 2025,https://lefaso.net/spip.php?article140064,
,,SociÃ©tÃ©,lefaso.net,6.0,BurkinaÂ : Le ministÃ¨re de la justice dÃ©ment un communiquÃ© portant sur la mort dâ€™un officier dâ€™infanterie au camp militaire Baba Sy,https://lefaso.net/spip.php?article140082,
,,SociÃ©tÃ©,lefaso.net,6.0,"BurkinaÂ : Â«Â La recherche doit dÃ©passer la simple performance acadÃ©mique pour impacter directement le quotidien des BurkinabÃ¨Â Â», Pr Adjima Thiombiano",https://lefaso.net/spip.php?article140071,
,,SociÃ©tÃ©,lefaso.net,6.0,Burkina/EnergieÂ : Le pays produit 51% de lâ€™Ã©nergie totale utilisÃ©e en 2024,https://lefaso.net/spip.php?article140083,
,,SociÃ©tÃ©,lefaso.net,6.0,Burkina/Ã‰ducationÂ : Ali Abadansia Liliou prend les commandes de lâ€™UNEPEL et dÃ©voile ses prioritÃ©s,https://lefaso.net/spip.php?article140075,
,,SociÃ©tÃ©,lefaso.net,6.0,Bobo-DioulassoÂ : Le CHU SourÃ´ Sanou se dote dâ€™une unitÃ© dâ€™orthobiologie et de chirurgie ambulatoire,https://lefaso.net/spip.php?article140077,
,,SociÃ©tÃ©,lefaso.net,7.0,Burkina/MortalitÃ© maternelle et pÃ©rinataleÂ : Les journalistes sâ€™engagent Ã  faire baisser le taux de dÃ©cÃ¨s,https://lefaso.net/spip.php?article140070,
,,SociÃ©tÃ©,lefaso.net,7.0,BurkinaÂ : Des agents des douanes renforcent leurs capacitÃ©s sur le renseignement douanier,https://lefaso.net/spip.php?article140066,
,,SociÃ©tÃ©,lefaso.net,7.0,Burkina/Violences faites aux femmesÂ : Quand le harcÃ¨lement se dÃ©porte en ligne,https://lefaso.net/spip.php?article140056,
,,SociÃ©tÃ©,lefaso.net,7.0,Burkina/JournÃ©e internationale de la jeunesseÂ : Le ministre Roland Somda invite les jeunes Ã  rÃ©flÃ©chir sur leur rÃ´le dans le dÃ©veloppement Ã©conomique et social,https://lefaso.net/spip.php?article140051,
,,SociÃ©tÃ©,lefaso.net,7.0,Burkina/Transport en communÂ : Vista Bank accompagne lâ€™Etat dans lâ€™acquisition de 500 bus pour la SOTRACO,https://lefaso.net/spip.php?article140048,
,,SociÃ©tÃ©,lefaso.net,7.0,Moustiques gÃ©nÃ©tiquement modifiÃ©sÂ : La CVAB demande la suspension du deuxiÃ¨me lÃ¢cher Ã  Souroukoudingan,https://lefaso.net/spip.php?article140049,
,,SociÃ©tÃ©,lefaso.net,7.0,Colopathie fonctionnelleÂ : Quelle alimentation adopterÂ ?,https://lefaso.net/spip.php?article140043,
,,SociÃ©tÃ©,lefaso.net,7.0,"Robotics for Good Youth ChallengeÂ : Le Burkina Faso remporte le bronze, les laurÃ©ats reÃ§us par le ministre de lâ€™Enseignement secondaire",https://lefaso.net/spip.php?article140044,
,,SociÃ©tÃ©,lefaso.net,7.0,Burkina/CSD-ITCHÂ : Des avancÃ©es notables et un appel Ã  lâ€™union pour un meilleur accÃ¨s aux logements dÃ©cents,https://lefaso.net/spip.php?article140039,
,,SociÃ©tÃ©,lefaso.net,7.0,PremiÃ¨re immersion en langue sanÂ : Une trentaine dâ€™enfants initiÃ©s Ã  la culture san,https://lefaso.net/spip.php?article140036,
,,SociÃ©tÃ©,lefaso.net,7.0,"Centre mÃ©dical communal de Belle-VilleÂ : Face au retard des travaux, lâ€™autoritÃ© met en garde lâ€™entreprise de construction",https://lefaso.net/spip.php?article140011,
,,SociÃ©tÃ©,lefaso.net,7.0,Bobo-DioulassoÂ : Lâ€™association Â«Â Faso SoutraÂ Â» voit le jour pour soutenir la vision du prÃ©sident Ibrahim TraorÃ©,https://lefaso.net/spip.php?article140035,
,,SociÃ©tÃ©,lefaso.net,7.0,"Production de bananesÂ : Â«Â On peut tout rÃ©ussir avec de la volontÃ© et de lâ€™accompagnementÂ Â», martÃ¨le Sylvie Sama",https://lefaso.net/spip.php?article140029,
,,SociÃ©tÃ©,lefaso.net,7.0,Burkina/SolidaritÃ©Â : Kady Ido a encore besoin de votre aide pour Ã©viter lâ€™amputation de son pied,https://lefaso.net/spip.php?article140021,
,,SociÃ©tÃ©,lefaso.net,7.0,DÃ©dougouÂ : Une Ã©tudiante se suicide en se jetant dans un puits,https://lefaso.net/spip.php?article140028,
,,SociÃ©tÃ©,lefaso.net,7.0,Climat et infrastructuresÂ : Une dÃ©cennie de nÃ©gligence au Burkina Faso et au Cameroun,https://lefaso.net/spip.php?article140001,
,,SociÃ©tÃ©,lefaso.net,7.0,Burkina FasoÂ : La Police nationale apprÃ©hende un prÃ©sumÃ© auteur de dÃ©tournement de fonds de plus de 170 millions FCFA Ã  Kaya,https://lefaso.net/spip.php?article140026,
,,SociÃ©tÃ©,lefaso.net,7.0,"BurkinaÂ : RAYNAL Assurances facilite la tÃ¢che Ã  la clientÃ¨le, en lanÃ§ant son application mobile, Â«Â RAYNAL AppÂ Â»",https://lefaso.net/spip.php?article140010,
,,SociÃ©tÃ©,lefaso.net,7.0,"Pr LagokÃ© Gnaka, panafricanisteÂ : Â«Â A dÃ©faut de revendiquer Ubuntu, burkindi doit reprendre ses droits au Burkina FasoÂ Â»",https://lefaso.net/spip.php?article139977,
,,SociÃ©tÃ©,lefaso.net,7.0,UniversitÃ© Nazi BoniÂ : Vers une livraison de lâ€™amphi de 1000 places dâ€™ici la rentrÃ©e prochaine,https://lefaso.net/spip.php?article140016,
,,SociÃ©tÃ©,lefaso.net,8.0,OuagadougouÂ : La Police nationale dÃ©mantÃ¨le un rÃ©seau de malfrats spÃ©cialisÃ© dans les vols avec effraction et les recels,https://lefaso.net/spip.php?article140030,
,,SociÃ©tÃ©,lefaso.net,8.0,Burkina/Lutte contre le terrorismeÂ : Le ministÃ¨re de la sÃ©curitÃ© Ã©value ses dispositifs Ã  Ouagadougou et Bobo-Dioulasso,https://lefaso.net/spip.php?article140027,
,,SociÃ©tÃ©,lefaso.net,8.0,Bobo-DioulassoÂ : Seydou Coulibaly installÃ© dans ses nouvelles fonctions de directeur gÃ©nÃ©ral de la police municipale,https://lefaso.net/spip.php?article140025,
,,SociÃ©tÃ©,lefaso.net,8.0,Don de sangÂ : SOS Sang lance une campagne de sensibilisation avec lâ€™image du prÃ©sident du Faso,https://lefaso.net/spip.php?article140014,
,,SociÃ©tÃ©,lefaso.net,8.0,Burkina/Lutte contre la corruptionÂ : Lâ€™ASCE-LC sollicite lâ€™accompagnement des leaders religieux musulmans,https://lefaso.net/spip.php?article140019,
,,SociÃ©tÃ©,lefaso.net,8.0,"BurkinaÂ : Ã€ la prison de Bobo-Dioulasso, des dÃ©tenus tissent Â«Â lâ€™espoirÂ Â»",https://lefaso.net/spip.php?article139981,
,,SociÃ©tÃ©,lefaso.net,8.0,CHU de Pala Ã  Bobo-DioulassoÂ : Les travaux de la bretelle dâ€™accÃ¨s avancent Ã  bon rythme,https://lefaso.net/spip.php?article139986,
,,SociÃ©tÃ©,lefaso.net,8.0,Burkina/Insertion professionnelleÂ : Children Believe offre des opportunitÃ©s de stage Ã  des jeunes diplÃ´mÃ©s,https://lefaso.net/spip.php?article139996,
,,SociÃ©tÃ©,lefaso.net,8.0,"BurkinaÂ : Des exercices de simulation Ã  Ouagadougou et Ã  Bobo-Dioulasso le samedi 9 aoÃ»t 2025, Ã  9 heures",https://lefaso.net/spip.php?article140002,
,,SociÃ©tÃ©,lefaso.net,8.0,Faso MÃªboÂ : Les employÃ©s de la mine HoundÃ© Gold Operation apportent 80 tonnes de ciment et un million de FCFA en carburant,https://lefaso.net/spip.php?article140000,
,,SociÃ©tÃ©,lefaso.net,8.0,BurkinaÂ : Un jeune interpellÃ© et conduit devant le Procureur du Faso pour insultes contre lâ€™artiste Kayawoto et sa mÃ¨re,https://lefaso.net/spip.php?article139987,
,,SociÃ©tÃ©,lefaso.net,8.0,Burkina/Forces armÃ©es nationalesÂ : Fin de formation de 74 officiers nommÃ©s Ã  titre exceptionnel,https://lefaso.net/spip.php?article140012,
,,SociÃ©tÃ©,lefaso.net,8.0,LONABÂ : Jean Cyprien Nana devient multimillionnaire avec une mise de 6 300 FCFA,https://lefaso.net/spip.php?article139999,
,,SociÃ©tÃ©,lefaso.net,8.0,"Prunelle Optique, votre vision notre passion",https://lefaso.net/spip.php?article139995,
,,SociÃ©tÃ©,lefaso.net,8.0,"Projet WASH Ã  OuriÂ : Un atelier pour Ã©valuer les acquis et pÃ©renniser les services dâ€™eau, dâ€™hygiÃ¨ne et dâ€™assainissement",https://lefaso.net/spip.php?article139989,
,,SociÃ©tÃ©,lefaso.net,8.0,Burkina/SantÃ©Â : Le CSC prÃªt Ã  accompagner le projet Targuet malaria dans la lutte contre le paludisme,https://lefaso.net/spip.php?article139980,
,,SociÃ©tÃ©,lefaso.net,8.0,"BurkinaÂ : Â«Â Faso MÃªbo nâ€™est pas en concurrence avec les entreprises privÃ©esÂ Â», rassure le lieutenant Elvis Kapioko",https://lefaso.net/spip.php?article139968,
,,SociÃ©tÃ©,lefaso.net,8.0,Lutte contre le blanchiment de capitauxÂ : Le Burkina espÃ¨re tourner trÃ¨s bientÃ´t la page de la liste grise,https://lefaso.net/spip.php?article139971,
,,SociÃ©tÃ©,lefaso.net,8.0,"BurkinaÂ : Â«Â Le secteur formel emploie seulement 6,7% de la populationÂ Â», selon lâ€™INSD",https://lefaso.net/spip.php?article139966,
,,SociÃ©tÃ©,lefaso.net,8.0,Burkina/Enseignement supÃ©rieurÂ : Malika la Slamazone devient ambassadrice de lâ€™universitÃ© privÃ©e Sainte Edwige,https://lefaso.net/spip.php?article139967,
,,SociÃ©tÃ©,lefaso.net,9.0,Burkina/ Plan dâ€™actions pour la stabilisation et le dÃ©veloppement (PA-SD)Â : Un bilan Ã  mi-parcours jugÃ© satisfaisant par le ministÃ¨re en charge de la jeunesse,https://lefaso.net/spip.php?article139973,
,,SociÃ©tÃ©,lefaso.net,9.0,Burkina/SantÃ©Â : Lâ€™UNFPA et le Canada Ã©quipent des structures sanitaires,https://lefaso.net/spip.php?article139976,
,,SociÃ©tÃ©,lefaso.net,9.0,Burkina/AgricultureÂ : Lancement du projet RADiUS pour accompagner la transition agroÃ©cologique,https://lefaso.net/spip.php?article139969,
,,SociÃ©tÃ©,lefaso.net,9.0,Burkina FasoÂ : Orange Burkina Faso offre 300 tonnes de ciment Ã  lâ€™initiative Faso MÃªbo,https://lefaso.net/spip.php?article139965,
,,SociÃ©tÃ©,lefaso.net,9.0,Burkina/Ã‰limination des dÃ©cÃ¨s maternels et pÃ©rinatalsÂ : Les journalistes Ã  lâ€™Ã©cole du systÃ¨me de surveillance et de la riposte du ministÃ¨re en charge de la santÃ©,https://lefaso.net/spip.php?article139964,
,,SociÃ©tÃ©,lefaso.net,9.0,"IntÃ©grer la QualitÃ© dans les formations mÃ©tierâ€¯Â : enfin, vers une vraie transformationâ€¯Â !",https://lefaso.net/spip.php?article139958,
,,SociÃ©tÃ©,lefaso.net,9.0,Burkina/Droits humainsÂ : La Brigade des Volontaires pour la dÃ©fense de la patrie reÃ§oit son guide illustrÃ©,https://lefaso.net/spip.php?article139962,
,,SociÃ©tÃ©,lefaso.net,9.0,BurkinaÂ : 205 kg de dÃ©coupe de poulets congelÃ©s impropres Ã  la consommation saisis,https://lefaso.net/spip.php?article139963,
,,SociÃ©tÃ©,lefaso.net,9.0,Burkina/SantÃ©Â : Des chirurgiens renforcent leurs capacitÃ©s en chirurgie laparoscopique,https://lefaso.net/spip.php?article139960,
,,SociÃ©tÃ©,lefaso.net,9.0,Burkina/Initiatives prÃ©sidentiellesÂ : OpÃ©ration de sÃ©duction du Bureau national des grands projets Ã  Bobo-Dioulasso,https://lefaso.net/spip.php?article139945,
,,SociÃ©tÃ©,lefaso.net,9.0,Burkina/Immersion patriotique obligatoireÂ : Les femmes enceintes ou ayant des enfants de moins de 2 ans et les travailleurs sont dispensÃ©s,https://lefaso.net/spip.php?article139933,
,,SociÃ©tÃ©,lefaso.net,9.0,"Examens et concours scolaires 2025Â : Â«Â Des rÃ©sultats satisfaisantsÂ Â», selon le ministre Boubacar Savadogo",https://lefaso.net/spip.php?article139942,
,,SociÃ©tÃ©,lefaso.net,9.0,BurkinaÂ : Â«Â Notre administration nâ€™est pas au rythme de notre culture sociÃ©taleâ€¦Â Â» (Dr Wendgoudi Appolinaire Beyi),https://lefaso.net/spip.php?article139936,
,,SociÃ©tÃ©,lefaso.net,9.0,BurkinaÂ : La CNSS forme des magistrats sur la loi portant rÃ©gime de sÃ©curitÃ© sociale applicable aux travailleurs salariÃ©s et assimilÃ©s,https://lefaso.net/spip.php?article139943,
,,SociÃ©tÃ©,lefaso.net,9.0,"Programme dâ€™action pour la souverainetÃ© et de dÃ©veloppement (PA-SD)Â : Mise en Å“uvre satisfaisante avec des dÃ©fis Ã  relever, selon le Rapport alternatif 2024 de suivi des politiques publiques",https://lefaso.net/spip.php?article139939,
,,SociÃ©tÃ©,lefaso.net,9.0,Les dÃ©fis et opportunitÃ©s pour le dÃ©veloppement du Solaire au Burkina Faso,https://lefaso.net/spip.php?article139937,
,,SociÃ©tÃ©,lefaso.net,9.0,BurkinaÂ : Lâ€™ANB accorde une autorisation dâ€™expÃ©rimentation sur des moustiques mÃ¢les biaisÃ©s gÃ©nÃ©tiquement modifiÃ©s Ã  lâ€™IRSS,https://lefaso.net/spip.php?article139935,
,,SociÃ©tÃ©,lefaso.net,9.0,BurkinaÂ : Un documentaire pour raviver la mÃ©moire des Ã©tudiants envoyÃ©s Ã  Cuba par Thomas Sankara,https://lefaso.net/spip.php?article139926,
,,SociÃ©tÃ©,lefaso.net,9.0,Burkina FasoÂ : Le colonel-major CÃ©leste Joseph Moussa Coulibaly nommÃ© commandant de lâ€™Institut TiÃ©fo Amoro,https://lefaso.net/spip.php?article139927,
,,SociÃ©tÃ©,lefaso.net,9.0,"Burkina Faso / SantÃ©Â : Vers lâ€™Ã©laboration dâ€™une carte de score rÃ©gionale des maladies tropicales nÃ©gligÃ©es, un outil stratÃ©gique pour libÃ©rer le Sahel du fardeau des MTN",https://lefaso.net/spip.php?article139925,
,,SociÃ©tÃ©,lefaso.net,10.0,BurkinaÂ : Lâ€™inspecteur gÃ©nÃ©ral de police Thierry Dofizouho Tuina a pris officiellement les commandes de la Police nationale,https://lefaso.net/spip.php?article139906,
,,SociÃ©tÃ©,lefaso.net,10.0,BurkinaÂ : Lâ€™administration publique doit Ãªtre un levier mais pas un frein de la RÃ©volution burkinabÃ¨,https://lefaso.net/spip.php?article139900,
,,SociÃ©tÃ©,lefaso.net,10.0,"Der Jean AndrÃ© Somda, chauffeur de Thomas SankaraÂ : Un patriote discret au service de la RÃ©volution",https://lefaso.net/spip.php?article139893,
,,SociÃ©tÃ©,lefaso.net,10.0,"Sibiri Patrice ZagrÃ©Â : Du doctorat en philosophie Ã  la rÃ©volution sankariste, le parcours dâ€™un intellectuel engagÃ©",https://lefaso.net/spip.php?article139899,
,,SociÃ©tÃ©,lefaso.net,10.0,Babou Paulin BamouniÂ : La plume libre et lâ€™esprit ardent de la RÃ©volution du 4 aoÃ»t 1983,https://lefaso.net/spip.php?article139896,
,,SociÃ©tÃ©,lefaso.net,10.0,Tenkodogo/RÃ©gion du NakambÃ©Â : Les gouverneurs Ã  la dÃ©couverte de rÃ©alisations de lâ€™Agence belge  de coopÃ©ration internationale (Enabel) dans la rÃ©gion du NakambÃ© (ex-Centre-est),https://lefaso.net/spip.php?article139894,
,,SociÃ©tÃ©,lefaso.net,10.0,Comportements Ã  risque lors des mariages Ã  DoriÂ : La mairie appelle Ã  la responsabilitÃ©,https://lefaso.net/spip.php?article139905,
,,SociÃ©tÃ©,lefaso.net,10.0,"Intervention du cardinal Philippe OuÃ©draogo  Ã   SÃ©oulÂ : Â«Â Il a touchÃ© du doigt  le profil des acteurs qui endeuillent notre pays le Burkina Faso, ainsi que  leurs stratÃ©giesÂ Â»",https://lefaso.net/spip.php?article139902,
,,SociÃ©tÃ©,lefaso.net,10.0,Burkina/Enseignement supÃ©rieurÂ : Lâ€™USDAO prÃ©pare lâ€™ouverture de nouvelles filiÃ¨res en Ã©conomie et gestion,https://lefaso.net/spip.php?article139892,
,,SociÃ©tÃ©,lefaso.net,10.0,Burkina/InfrastructuresÂ : Le ministre en tournÃ©e dâ€™inspection sur plusieurs chantiers,https://lefaso.net/spip.php?article139872,
,,SociÃ©tÃ©,lefaso.net,10.0,Construction du Centre hospitalier rÃ©gional universitaire (CHRU) de GaouaÂ : Le Premier ministre en visite sur le chantier,https://lefaso.net/spip.php?article139881,
,,SociÃ©tÃ©,lefaso.net,10.0,Burkina / Institut international des sciences et technologiesÂ : 23 professionnels de santÃ© formÃ©s en immunologie,https://lefaso.net/spip.php?article139882,
,,SociÃ©tÃ©,lefaso.net,10.0,BurkinaÂ : Le Fonds pour la consolidation de la paix soulage des populations dans la rÃ©gion du DjÃ´rÃ´ (ex-Sud-ouest),https://lefaso.net/spip.php?article139847,
,,SociÃ©tÃ©,lefaso.net,10.0,Burkina / DÃ©fis environnementauxÂ : Le PNUD appuie le ministÃ¨re de lâ€™Environnement avec du matÃ©riel,https://lefaso.net/spip.php?article139884,
,,SociÃ©tÃ©,lefaso.net,10.0,Burkina/ Camp vacances lectureÂ : La 6e Ã©dition referme ses portes,https://lefaso.net/spip.php?article139883,
,,SociÃ©tÃ©,lefaso.net,10.0,Bobo-DioulassoÂ : La promotion 2002-2004 des forestiers cÃ©lÃ¨bre 21 ans dâ€™union et de services loyaux Ã  la nation,https://lefaso.net/spip.php?article139879,
,,SociÃ©tÃ©,lefaso.net,10.0,Burkina/Initiative nationale de travaux dâ€™intÃ©rÃªt gÃ©nÃ©ralÂ : 500 dÃ©tenus seront mobilisÃ©s,https://lefaso.net/spip.php?article139878,
,,SociÃ©tÃ©,lefaso.net,10.0,Burkina/25 ans du Laboratoire GametÂ :  La commÃ©moration se tient du 26 juillet au 20 septembre 2025,https://lefaso.net/spip.php?article139877,
,,SociÃ©tÃ©,lefaso.net,10.0,Fondation Orange Burkina FasoÂ :  Des cÃ©rÃ©ales dâ€™une valeur de 30 millions de F CFA pour soutenir le ministÃ¨re de lâ€™Action humanitaire,https://lefaso.net/spip.php?article139871,
,,SociÃ©tÃ©,lefaso.net,10.0,"Burkina / PylÃ´nes tÃ©lÃ©phoniquesÂ : Pas de danger pour les riverains, selon les techniciens",https://lefaso.net/spip.php?article139868,
