title,link,rubrique
Burkina Faso : Les travailleurs du ministère chargé des Affaires étrangères offrent 11 tonnes de ciment et du matériel à Faso Mêbo,https://burkinainfo.com/2025/08/27/burkina-faso-les-travailleurs-du-ministere-charge-des-affaires-etrangeres-offrent-11-tonnes-de-ciment-et-du-materiel-a-faso-mebo/,politique
"Effort de paix : La diaspora burkinabè et un citoyen togolais mobilisent plus de 6,7 millions FCFA",https://burkinainfo.com/2025/08/27/effort-de-paix-la-diaspora-burkinabe-et-un-citoyen-togolais-mobilisent-plus-de-67-millions-fcfa/,politique
GBAGBO ET THIAM CANDIDATS A LA CANDIDATURE POUR LA PRESIDENTIELLE 2025 : Chronique d’un « gnaga*» annoncé ?    :  EN RCI :,https://burkinainfo.com/2025/08/27/gbagbo-et-thiam-candidats-a-la-candidature-pour-la-presidentielle-2025-chronique-dun-gnaga-annonce-en-rci-3/,politique
CRISE EN RDC  : Le retour de la paix passera-t-il par les religieux ?,https://burkinainfo.com/2025/08/27/crise-en-rdc-le-retour-de-la-paix-passera-t-il-par-les-religieux-2/,politique
DIOMAYE FAYE A PARIS : Entre question mémorielle et enjeux économiques,https://burkinainfo.com/2025/08/27/diomaye-faye-a-paris-entre-question-memorielle-et-enjeux-economiques/,politique
Annonce | Shiloh2025 L’heure de la démarcation est arrivée,https://burkinainfo.com/2025/08/27/annonce-shiloh2025-lheure-de-la-demarcation-est-arrivee/,politique
Coopération multilatérale : L’ONU respecte la souveraineté du Burkina Faso,https://burkinainfo.com/2025/08/27/cooperation-multilaterale-lonu-respecte-la-souverainete-du-burkina-faso/,politique
Autorisation de création d’une nouvelle station de radiodiffusion sonore : Le CSC et le ministère de l’Éducation signent une convention,https://burkinainfo.com/2025/08/27/autorisation-de-creation-dune-nouvelle-station-de-radiodiffusion-sonore-le-csc-et-le-ministere-de-leducation-signent-une-convention-2/,politique
Le Burkina Faso et la Russie discutent du lancement des vols directs,https://burkinainfo.com/2025/08/27/le-burkina-faso-et-la-russie-discutent-du-lancement-des-vols-directs/,politique
Faso Mêbo : l’APIM offre 3 bennes de sable à l’initiative,https://burkinainfo.com/2025/08/27/faso-mebo-lapim-offre-3-bennes-de-sable-a-linitiative/,politique
Coopération Burkina Faso – Nations Unies : Un nouveau départ pour un partenariat dans le consensus,https://burkinainfo.com/2025/08/27/cooperation-burkina-faso-nations-unies-un-nouveau-depart-pour-un-partenariat-dans-le-consensus/,politique
Le Sultanat d’Oman veut saisir les opportunités d’investissement au Burkina Faso,https://burkinainfo.com/2025/08/27/le-sultanat-doman-veut-saisir-les-opportunites-dinvestissement-au-burkina-faso/,politique
Coopération : L’ambassadeur de l’Égypte fait Officier de l’Ordre de l’Étalon,https://burkinainfo.com/2025/08/26/cooperation-lambassadeur-de-legypte-fait-officier-de-lordre-de-letalon/,politique
AES : Les ministres de la Justice dénoncent les sanctions et exigent la vérité sur la mort d’Alino Faso,https://burkinainfo.com/2025/08/26/aes-les-ministres-de-la-justice-denoncent-les-sanctions-et-exigent-la-verite-sur-la-mort-dalino-faso/,politique
Coopération multilatérale : Une mission onusienne en visite au Burkina Faso,https://burkinainfo.com/2025/08/26/cooperation-multilaterale-une-mission-onusienne-en-visite-au-burkina-faso/,politique
Alino Faso repose désormais au cimetière municipal de Gounghin,https://burkinainfo.com/2025/08/23/alino-faso-repose-desormais-au-cimetiere-municipal-de-gounghin/,politique
𝐕𝐢𝐬𝐢𝐭𝐞 𝐝’𝐚𝐦𝐢𝐭𝐢𝐞́ 𝐚𝐮 𝐌𝐚𝐥𝐢 : 𝐥𝐞 𝐏𝐫𝐞𝐦𝐢𝐞𝐫 𝐦𝐢𝐧𝐢𝐬𝐭𝐫𝐞 𝐚̀ 𝐥’𝐞́𝐜𝐨𝐮𝐭𝐞 𝐝𝐞 𝐥𝐚 𝐝𝐢𝐚𝐬𝐩𝐨𝐫𝐚,https://burkinainfo.com/2025/08/22/%f0%9d%90%95%f0%9d%90%a2%f0%9d%90%ac%f0%9d%90%a2%f0%9d%90%ad%f0%9d%90%9e-%f0%9d%90%9d%f0%9d%90%9a%f0%9d%90%a6%f0%9d%90%a2%f0%9d%90%ad%f0%9d%90%a2%f0%9d%90%9e-%f0%9d%90%9a%f0%9d%90%ae/,politique
Coopération bilatérale : Le Chef de la diplomatie burkinabè et l’ambassadeur des Etats-Unis se concertent dans la perspective d’un partenariat gagnant-gagnant,https://burkinainfo.com/2025/08/20/cooperation-bilaterale-le-chef-de-la-diplomatie-burkinabe-et-lambassadeur-des-etats-unis-se-concertent-dans-la-perspective-dun-partenariat-gagnant-gagnant/,politique
Confédération AES : Le Premier ministre burkinabè en visite d’amitié au Mali,https://burkinainfo.com/2025/08/19/confederation-aes-le-premier-ministre-burkinabe-en-visite-damitie-au-mali/,politique
"Coopération : la coordinatrice résidente du Système des Nations-Unies au Burkina, Carol Flore-Smereczniak, déclarée « persona non grata »",https://burkinainfo.com/2025/08/19/cooperation-la-coordinatrice-residente-du-systeme-des-nations-unies-au-burkina-carol-flore-smereczniak-declaree-persona-non-grata/,politique
𝐂𝐨𝐨𝐩𝐞́𝐫𝐚𝐭𝐢𝐨𝐧 𝐁𝐮𝐫𝐤𝐢𝐧𝐚 𝐅𝐚𝐬𝐨 – 𝐏𝐚𝐲𝐬-𝐁𝐚𝐬 : 𝐟𝐢𝐧 𝐝𝐞 𝐦𝐢𝐬𝐬𝐢𝐨𝐧 𝐝𝐞 𝐥’𝐀𝐦𝐛𝐚𝐬𝐬𝐚𝐝𝐞𝐮𝐫 𝐄𝐬𝐭𝐡𝐞𝐫 𝐋𝐨𝐞𝐟𝐟𝐞𝐧,https://burkinainfo.com/2025/08/19/%f0%9d%90%82%f0%9d%90%a8%f0%9d%90%a8%f0%9d%90%a9%f0%9d%90%9e%f0%9d%90%ab%f0%9d%90%9a%f0%9d%90%ad%f0%9d%90%a2%f0%9d%90%a8%f0%9d%90%a7-%f0%9d%90%81%f0%9d%90%ae%f0%9d%90%ab%f0%9d%90%a4%f0%9d%90%a2-3/,politique
Burkina Faso : Le gouvernement rejette le rapport de l’ONU et déclare la Coordinatrice résidente persona non grata,https://burkinainfo.com/2025/08/18/burkina-faso-le-gouvernement-rejette-le-rapport-de-lonu-et-declare-la-coordinatrice-residente-persona-non-grata/,politique
Burkina Faso : La dépouille de Alino Faso sera rapatriée le lundi 18 août 2025 à Ouagadougou,https://burkinainfo.com/2025/08/16/burkina-faso-la-depouille-de-alino-faso-sera-rapatriee-le-lundi-18-aout-2025-a-ouagadougou/,politique
Coopération Burkina Faso – Népal : Présentation des Lettres de créance de l’ambassadeur Désiré Boniface SOME,https://burkinainfo.com/2025/08/16/cooperation-burkina-faso-nepal-presentation-des-lettres-de-creance-de-lambassadeur-desire-boniface-some/,politique
Parlement confédéral de l’AES : Les bases d’un cadre juridique « cohérent et solide » jetées à Ouagadougou,https://burkinainfo.com/2025/08/15/parlement-confederal-de-laes-les-bases-dun-cadre-juridique-coherent-et-solide-jetees-a-ouagadougou/,politique
Burkina : le partenariat public-privé se renforce pour accélérer les projets structurants,https://burkinainfo.com/2025/08/14/burkina-le-partenariat-public-prive-se-renforce-pour-accelerer-les-projets-structurants/,politique
Burkina Faso/Conseil des ministres du 13 août 2025 : de nouvelles conditions d’éligibilité au logement social,https://burkinainfo.com/2025/08/14/burkina-faso-conseil-des-ministres-du-13-aout-2025-de-nouvelles-conditions-deligibilite-au-logement-social/,politique
Diplomatie : L’Ambassadeur des Pays-Bas en fin de mission fait ses adieux au Chef de l’État,https://burkinainfo.com/2025/08/11/diplomatie-lambassadeur-des-pays-bas-en-fin-de-mission-fait-ses-adieux-au-chef-de-letat/,politique
Audit de la LONAB : L’ASCE-LC releve une incidence financière de plus de 6 milliards francs CFA,https://burkinainfo.com/2025/08/25/audit-de-la-lonab-lasce-lc-releve-une-incidence-financiere-de-plus-de-6-milliards-francs-cfa/,economie
"Burkina/Région du Nando : « La réglementation des prix n’est pas une entrave à l’exercice du commerce ; elle vise à favoriser la paix sociale », rassure Lamine Sawadogo, conseiller technique",https://burkinainfo.com/2025/08/25/burkina-region-du-nando-la-reglementation-des-prix-nest-pas-une-entrave-a-lexercice-du-commerce-elle-vise-a-favoriser-la-paix-sociale-rassure-lamine-sawadogo-conseiller-techniq/,economie
Burkina/ Région du Nando : La CCI-BF et le ministère du commerce sensibilisent les acteurs économiques sur la fixation de prix,https://burkinainfo.com/2025/08/22/burkina-region-du-nando-la-cci-bf-et-le-ministere-du-commerce-sensibilisent-les-acteurs-economiques-sur-la-fixation-de-prix/,economie
Voyage d’affaires en Turquie : L’Association LIEN et l’Ambassade de Turquie jettent les bases d’une coopération économique,https://burkinainfo.com/2025/08/19/voyage-daffaires-en-turquie-lassociation-lien-et-lambassade-de-turquie-jettent-les-bases-dune-cooperation-economique/,economie
Secteur monétaire : Les pièces de franc CFA lisses ou usées sont-elles valables dans le circuit économique ?,https://burkinainfo.com/2025/08/19/secteur-monetaire-les-pieces-de-franc-cfa-lisses-ou-usees-sont-elles-valables-dans-le-circuit-economique/,economie
"Burkina / Région du Djôrô : « L’or a fait beaucoup de millionnaires à Gaoua », affirme le chef de canton",https://burkinainfo.com/2025/08/18/burkina-region-du-djoro-lor-a-fait-beaucoup-de-millionnaires-a-gaoua-affirme-le-chef-de-canton/,economie
Burkina/SOFITEX : Les administrateurs constatent l’évolution du tout premier champ de coton expérimentant la semence de qualité,https://burkinainfo.com/2025/08/14/burkina-sofitex-les-administrateurs-constatent-levolution-du-tout-premier-champ-de-coton-experimentant-la-semence-de-qualite/,economie
Foncier à Ouagadougou : Une nouvelle direction pour désengorger le service,https://burkinainfo.com/2025/08/11/foncier-a-ouagadougou-une-nouvelle-direction-pour-desengorger-le-service/,economie
Burkina/Formation et finance : L’Institut des finances publiques et la Banque postale unissent leurs forces pour trois ans,https://burkinainfo.com/2025/08/07/burkina-formation-et-finance-linstitut-des-finances-publiques-et-la-banque-postale-unissent-leurs-forces-pour-trois-ans/,economie
L’histoire du Bitcoin,https://burkinainfo.com/2025/08/06/lhistoire-du-bitcoin/,economie
Lancement de la Plateforme Interopérable du Système de Paiement Instantané de l’UEMOA : Une phase de test lancée,https://burkinainfo.com/2025/08/03/lancement-de-la-plateforme-interoperable-du-systeme-de-paiement-instantane-de-luemoa-une-phase-de-test-lancee/,economie
Burkina/Caisse nationale de sécurité sociale : Suzanne Nassouri/Dabilgou prend officiellement les rênes de l’agence de Kaya,https://burkinainfo.com/2025/08/01/burkina-caisse-nationale-de-securite-sociale-suzanne-nassouri-dabilgou-prend-officiellement-les-renes-de-lagence-de-kaya/,economie
La Banque mondiale réaffirme son soutien à la vision du Capitaine Ibrahim TRAORÉ,https://burkinainfo.com/2025/08/01/la-banque-mondiale-reaffirme-son-soutien-a-la-vision-du-capitaine-ibrahim-traore-3/,economie
Impôts sur les obligations : Le Burkina Faso change les règles du jeu pour les investisseurs,https://burkinainfo.com/2025/08/01/impots-sur-les-obligations-le-burkina-faso-change-les-regles-du-jeu-pour-les-investisseurs/,economie
"Burkina/Économie : Adama Kaboré, nouveau président du conseil d’administration de la Faîtière des caisses populaires",https://burkinainfo.com/2025/07/31/burkina-economie-adama-kabore-nouveau-president-du-conseil-dadministration-de-la-faitiere-des-caisses-populaires/,economie
26ᵉ Assemblée générale des établissements publics de l’État : Une amélioration des performances financières enregistrée,https://burkinainfo.com/2025/07/31/26%e1%b5%89-assemblee-generale-des-etablissements-publics-de-letat-une-amelioration-des-performances-financieres-enregistree/,economie
Les Fintech défient la Banque Centrale : La thèse de KI Kévin Sidoine sonne l’alarme sur la politique monétaire de l’UEMOA,https://burkinainfo.com/2025/07/31/les-fintech-defient-la-banque-centrale-la-these-de-ki-kevin-sidoine-sonne-lalarme-sur-la-politique-monetaire-de-luemoa-2/,economie
Grande Promo «Ne Maam» de Orange Money Burkina Faso : Ibrahim Samaké empoche les 5 millions de F CFA,https://burkinainfo.com/2025/07/30/grande-promo-ne-maam-de-orange-money-burkina-faso-ibrahim-samake-empoche-les-5-millions-de-f-cfa-2/,economie
Burkina : La BAD préconise la création d’un fonds souverain et l’émission d’obligations dédiées à la diaspora,https://burkinainfo.com/2025/07/29/burkina-la-bad-preconise-la-creation-dun-fonds-souverain-et-lemission-dobligations-dediees-a-la-diaspora/,economie
"Kaboré Stéphane, un agent agricole, remporte 25,3 millions de F CFA à la LONAB",https://burkinainfo.com/2025/07/29/kabore-stephane-un-agent-agricole-remporte-253-millions-de-f-cfa-a-la-lonab-2/,economie
États généraux de la décentralisation : Des recommandations formulées  pour l’avenir de la gouvernance locale au Burkina Faso,https://burkinainfo.com/2025/08/27/etats-generaux-de-la-decentralisation-des-recommandations-formulees-pour-lavenir-de-la-gouvernance-locale-au-burkina-faso/,societe
Burkina Faso : Les Agents d’Affaires se dévoilent,https://burkinainfo.com/2025/08/27/burkina-faso-les-agents-daffaires-se-devoilent/,societe
Immersion patriotique : Le Ministre Directeur de Cabinet du Président du Faso encourage les bacheliers à Manga,https://burkinainfo.com/2025/08/27/immersion-patriotique-le-ministre-directeur-de-cabinet-du-president-du-faso-encourage-les-bacheliers-a-manga-2/,societe
Burkina Faso : La FAIB annonce la célébration du Maouloud 2025 dans la nuit du 4 au 5 septembre,https://burkinainfo.com/2025/08/26/burkina-faso-la-faib-annonce-la-celebration-du-maouloud-2025-dans-la-nuit-du-4-au-5-septembre-2/,societe
Burkina Faso : le Capitaine Martha Céleste Medah revisite les chantiers de construction à Pô et à Manga,https://burkinainfo.com/2025/08/26/burkina-faso-le-capitaine-martha-celeste-medah-revisite-les-chantiers-de-construction-a-po-et-a-manga/,societe
Ouagadougou : Environ 90 cas d’enfants et jeunes victimes de traite enregistrés au premier semestre de 2025,https://burkinainfo.com/2025/08/26/ouagadougou-environ-90-cas-denfants-et-jeunes-victimes-de-traite-enregistres-au-premier-semestre-de-2025/,societe
"Construction du Centre médical communal de Pô et de l’amphithéâtre de Manga : Sur injonction, les entreprises accélèrent les travaux",https://burkinainfo.com/2025/08/26/construction-du-centre-medical-communal-de-po-et-de-lamphitheatre-de-manga-sur-injonction-les-entreprises-accelerent-les-travaux-2/,societe
Roger Napo Bitoumba : Le volontaire togolais qui bâtit le Burkina Faso avec Faso Mêbo,https://burkinainfo.com/2025/08/26/roger-napo-bitoumba-le-volontaire-togolais-qui-batit-le-burkina-faso-avec-faso-mebo-2/,societe
"Burkina Faso : Des jumelles siamoises, Hawa et Khadija, de retour après leur séparation réussie en Arabie Saoudite",https://burkinainfo.com/2025/08/25/burkina-faso-des-jumelles-siamoises-hawa-et-khadija-de-retour-apres-leur-separation-reussie-en-arabie-saoudite/,societe
Sécurité routière au Burkina Faso : L’ONASER forme 50 VADS de la région du Nakambé,https://burkinainfo.com/2025/08/25/securite-routiere-au-burkina-faso-lonaser-forme-50-vads-de-la-region-du-nakambe/,societe
"Burkina Faso : Pour ses 7 ans, le petit Alvine Nacoulma offre 10 paquets d’eau à Faso Mêbo",https://burkinainfo.com/2025/08/25/burkina-faso-pour-ses-7-ans-le-petit-alvine-nacoulma-offre-10-paquets-deau-a-faso-mebo/,societe
Burkina Faso : L’Amicale des Frères d’Armes de la Classe 81 fait un don à Faso Mêbo,https://burkinainfo.com/2025/08/25/burkina-faso-lamicale-des-freres-darmes-de-la-classe-81-fait-un-don-a-faso-mebo/,societe
Conseil National de l’Economie Informelle du Burkina Faso : Le nouveau bureau exécutif national reçoit les bénédictions de Sa Majesté le Mogho Naaba Baongo,https://burkinainfo.com/2025/08/25/conseil-national-de-leconomie-informelle-du-burkina-faso-le-nouveau-bureau-executif-national-recoit-les-benedictions-de-sa-majeste-le-mogho-naaba-baongo/,societe
Match de football intergénérationnel à Zogona : Une tradition qui se perpétue,https://burkinainfo.com/2025/08/25/match-de-football-intergenerationnel-a-zogona-une-tradition-qui-se-perpetue-2/,societe
Burkina Faso : Lowgoin Football Club de Toma reverse sa prime de montée en ligue 2 à Faso Mêbo,https://burkinainfo.com/2025/08/24/burkina-faso-lowgoin-football-club-de-toma-reverse-sa-prime-de-montee-en-ligue-2-a-faso-mebo/,societe
Concours professionnels 2025 : Le SYNEPES encadre plus de 1 600 enseignants du secondaire et du post-primaire,https://burkinainfo.com/2025/08/24/concours-professionnels-2025-le-synepes-encadre-plus-de-1-600-enseignants-du-secondaire-et-du-post-primaire/,societe
Faso Mêbo : L’artiste Sana Bob fait un don d’une tonne de ciment et de matériel de construction,https://burkinainfo.com/2025/08/24/faso-mebo-lartiste-sana-bob-fait-un-don-dune-tonne-de-ciment-et-de-materiel-de-construction/,societe
Banfora : Le projet PLURIELLES remet 19 infrastructures sanitaires réhabilitées à hauteur de 300 millions de F CFA,https://burkinainfo.com/2025/08/24/banfora-le-projet-plurielles-remet-19-infrastructures-sanitaires-rehabilitees-a-hauteur-de-300-millions-de-f-cfa-2/,societe
"Musique : Ouagadougou va abriter les REMA, rencontres musicales africaines, les 17, 18 et 19 octobre 2024",https://burkinainfo.com/2024/09/09/musique-ouagadougou-va-abriter-les-rema-rencontres-musicales-africaines-les-17-18-et-19-octobre-2024/,culture
Burkina : Sortie du single du groupe KSB 80,https://burkinainfo.com/2024/08/26/burkina-sortie-du-single-du-groupe-ksb-80/,culture
Cinéma : la 29e édition du FESPACO promet de nombreuses nouveautés,https://burkinainfo.com/2024/08/13/cinema-la-29e-edition-du-fespaco-promet-de-nombreuses-nouveautes/,culture
"Burkina – Chefferie: Intronisation d’Edmond Manégré DJIGUIMKOUDRÉ, animateur à Oméga médias",https://burkinainfo.com/2024/07/23/burkina-chefferie-intronisation-dedmond-manegre-djiguimkoudre-animateur-a-omega-medias/,culture
🔴 Livre d’art « Pathé’O » présenté au public de Ouagadougou,https://burkinainfo.com/2024/07/08/%f0%9f%94%b4-livre-dart-patheo-presente-au-public-de-ouagadougou/,culture
"Cinéma : « Maman », le nouveau long métrage de MCZ présenté en avant-première",https://burkinainfo.com/2024/06/29/cinema-maman-le-nouveau-long-metrage-de-mcz-presente-en-avant-premiere/,culture
Musique : Amzy exprime sa reconnaissance à ses fans après avoir remporté le Kundé d’or 2024,https://burkinainfo.com/2024/06/14/musique-amzy-exprime-sa-reconnaissance-a-ses-fans-apres-avoir-remporte-le-kunde-dor-2024/,culture
"🔴 Les cultures du monde célébrées à l’UA, ex IAM",https://burkinainfo.com/2024/05/26/%f0%9f%94%b4-les-cultures-du-monde-celebrees-a-lua-ex-iam/,culture
🔴8e édition de : le lycée départemental de Zoaga triomphe en art oratoire,https://burkinainfo.com/2024/05/21/%f0%9f%94%b48e-edition-de-le-lycee-departemental-de-zoaga-triomphe-en-art-oratoire/,culture
🔴 Les Traditionalistes de la région du Sud-Ouest implorent la protection des mânes des ancêtres,https://burkinainfo.com/2024/05/16/%f0%9f%94%b4-les-traditionalistes-de-la-region-du-sud-ouest-implorent-la-protection-des-manes-des-ancetres/,culture
"🔴 Journée des coutumes et traditions : Les coutumes ne se font pas pour se faire voir (…) c’est très dangereux », Bendnaaba de Gounghin",https://burkinainfo.com/2024/05/15/%f0%9f%94%b4-journee-des-coutumes-et-traditions-les-coutumes-ne-se-font-pas-pour-se-faire-voir-cest-tres-dangereux-bendnaaba-de-gounghin/,culture
🔴 Journée des coutumes et traditions : Des béliers et des poulets blancs sacrifiés pour la paix au Burkina,https://burkinainfo.com/2024/05/15/%f0%9f%94%b4-journee-des-coutumes-et-traditions-des-beliers-et-des-poulets-blancs-sacrifies-pour-la-paix-au-burkina/,culture
🔴 KUNDE D’OR 2024 – Qui va succéder à Smarty ?,https://burkinainfo.com/2024/05/08/%f0%9f%94%b4-kunde-dor-2024-qui-va-succeder-a-smarty/,culture
"🔴 Priscilla Traoré, miss université 2024, accueillie en triomphe chez les siens à l’Université de l’Unité Africaine",https://burkinainfo.com/2024/04/25/%f0%9f%94%b4-priscilla-traore-miss-universite-2024-accueillie-en-triomphe-chez-les-siens-a-luniversite-de-lunite-africaine/,culture
🔴SNC 2024 : le chef de l’État  à Bobo-Dioulasso pour la cérémonie d’ouverture,https://burkinainfo.com/2024/04/25/%f0%9f%94%b4snc-2024-le-chef-de-letat-a-bobo-dioulasso-pour-la-ceremonie-douverture/,culture
Projet « Village cinéma » : Un projet pour développer l’industrie cinématographique burkinabè,https://burkinainfo.com/2023/06/23/projet-village-cinema-un-projet-pour-developper-lindustrie-cinematographique-burkinabe/,culture
Street Art acte 2 : Une idée de l’association Positiv’ pour promouvoir la cohésion sociale,https://burkinainfo.com/2023/06/17/street-art-acte-2-une-idee-de-lassociation-positiv-pour-promouvoir-la-cohesion-sociale-8/,culture
Street Art acte 2 : Une idée de l’association Positiv’ pour promouvoir la cohésion sociale,https://burkinainfo.com/2023/06/17/street-art-acte-2-une-idee-de-lassociation-positiv-pour-promouvoir-la-cohesion-sociale-7/,culture
Street Art acte 2 : Une idée de l’association Positiv’ pour promouvoir la cohésion sociale,https://burkinainfo.com/2023/06/17/street-art-acte-2-une-idee-de-lassociation-positiv-pour-promouvoir-la-cohesion-sociale-6/,culture
Street Art acte 2 : Une idée de l’association Positiv’ pour promouvoir la cohésion sociale,https://burkinainfo.com/2023/06/17/street-art-acte-2-une-idee-de-lassociation-positiv-pour-promouvoir-la-cohesion-sociale-5/,culture
Visite d’amitié au Mali: le premier ministre découvre un plan du trésor culturel et artistique,https://burkinainfo.com/2025/08/20/visite-damitie-au-mali-le-premier-ministre-decouvre-un-plan-du-tresor-culturel-et-artistique/,sport
CHAN 2024 : Les Étalons n’ont pas brisé la malédiction,https://burkinainfo.com/2025/08/16/chan-2024-les-etalons-nont-pas-brise-la-malediction/,sport
Des légendes du football africain expriment leur solidarité au Président du Faso dans sa lutte contre l’impérialisme,https://burkinainfo.com/2025/08/15/des-legendes-du-football-africain-expriment-leur-solidarite-au-president-du-faso-dans-sa-lutte-contre-limperialisme-3/,sport
Super Coupe AJSB 2025 : le président Ibrahima Diallo sur tous les fronts pour une édition mémorable,https://burkinainfo.com/2025/08/11/super-coupe-ajsb-2025-le-president-ibrahima-diallo-sur-tous-les-fronts-pour-une-edition-memorable/,sport
FASOFOOT 2025-2026 : Des réformes en cours pour plus de professionnalisme,https://burkinainfo.com/2025/08/09/fasofoot-2025-2026-des-reformes-en-cours-pour-plus-de-professionnalisme/,sport
L’international burkinabè Aristide Bancé honoré par la commune d’Adjamé,https://burkinainfo.com/2025/08/08/linternational-burkinabe-aristide-bance-honore-par-la-commune-dadjame/,sport
Clôture du camp vacances sport de mains à Bassinko : une école de vie à travers le handball et le volleyball,https://burkinainfo.com/2025/08/05/cloture-du-camp-vacances-sport-de-mains-a-bassinko-une-ecole-de-vie-a-travers-le-handball-et-le-volleyball/,sport
Réouverture du Stade du 4 Août : un symbole de résilience et d’unité nationale sous l’impulsion du Président Ibrahim Traoré,https://burkinainfo.com/2025/08/05/reouverture-du-stade-du-4-aout-un-symbole-de-resilience-et-dunite-nationale-sous-limpulsion-du-president-ibrahim-traore/,sport
Super Coupe AJSB 2025 : L’AJSB annonce la date officielle à Sa Majesté le Mogho Naba,https://burkinainfo.com/2025/07/31/super-coupe-ajsb-2025-lajsb-annonce-la-date-officielle-a-sa-majeste-le-mogho-naba-2/,sport
CHAN KETZUG 2024 : Les Étalons A’ en route pour la conquête en Tanzanie,https://burkinainfo.com/2025/07/31/chan-ketzug-2024-les-etalons-a-en-route-pour-la-conquete-en-tanzanie/,sport
Football : voici l’équipe du Burkina Faso à l’inauguration du stade du 04 Août le 29 juillet 1984,https://burkinainfo.com/2025/07/29/football-voici-lequipe-du-burkina-faso-a-linauguration-du-stade-du-04-aout-le-29-juillet-1984/,sport
Stade de Bobo-Dioulasso : « Integral Group » reçu par le ministre des Sports,https://burkinainfo.com/2025/07/29/stade-de-bobo-dioulasso-integral-group-recu-par-le-ministre-des-sports/,sport
Super Coupe AJSB : Rendez vous le 14 Septembre à Bobo-Dioulasso,https://burkinainfo.com/2025/07/23/super-coupe-ajsb-rendez-vous-le-14-septembre-a-bobo-dioulasso/,sport
Sécurité dans les stades : la CAF outil des responsables,https://burkinainfo.com/2025/07/18/securite-dans-les-stades-la-caf-outil-des-responsables/,sport
"Sport :Alain Sibiri TRAORE, mets fin à sa carrière de footballeur",https://burkinainfo.com/2025/07/17/sport-alain-sibiri-traore-mets-fin-a-sa-carriere-de-footballeur/,sport
Sport : la 7e édition du Coup de pédale OUAGA-SAPONÉ les 2 et 3 août 2025,https://burkinainfo.com/2025/07/10/sport-la-7e-edition-du-coup-de-pedale-ouaga-sapone-les-2-et-3-aout-2025/,sport
Formation de la relève sportive : le Ministre Roland SOMDA séduit par le modèle du Centre Noaga OUEDRAOGO de Bama,https://burkinainfo.com/2025/07/06/formation-de-la-releve-sportive-le-ministre-roland-somda-seduit-par-le-modele-du-centre-noaga-ouedraogo-de-bama/,sport
"À Tintilou, l’AJSB célèbre la presse sportive et son rôle dans la Révolution populaire progressiste",https://burkinainfo.com/2025/07/06/a-tintilou-lajsb-celebre-la-presse-sportive-et-son-role-dans-la-revolution-populaire-progressiste/,sport
homologation du stade du 4 août : le certificat remis au chef d’état,https://burkinainfo.com/2025/07/04/homologation-du-stade-du-4-aout-le-certificat-remis-au-chef-detat/,sport
Journée internationale de la presse sportive : le message du président de l’AJSB Ibrahima Diallo,https://burkinainfo.com/2025/07/02/journee-internationale-de-la-presse-sportive-le-message-du-president-de-lajsb-ibrahima-diallo/,sport
Communiqué |  Le Infinix HOT60Pro+ entre dans le GUINNESS WORLD RECORDS™ comme le smartphone à écran incurvé 3D le plus fin au monde.,https://burkinainfo.com/2025/08/27/communique-le-infinix-hot60pro-entre-dans-le-guinness-world-records-comme-le-smartphone-a-ecran-incurve-3d-le-plus-fin-au-monde/,tech
Annonce | Infinix Hot60Pro+ et Infinix Hot60i deux nouveaux modèles,https://burkinainfo.com/2025/08/20/annonce-infinix-hot60pro-et-infinix-hot60i-deux-nouveaux-modeles-2/,tech
"Raynal Assurances lance son application mobile, une innovation au service de ses clients",https://burkinainfo.com/2025/08/08/raynal-assurances-lance-son-application-mobile-une-innovation-au-service-de-ses-clients-2/,tech
Communiqué | Top 3 mondial en robotique : Le Burkina Faso crée la surprise,https://burkinainfo.com/2025/08/07/communique-top-3-mondial-en-robotique-le-burkina-faso-cree-la-surprise-2/,tech
Annonce | TECNO Spark 40 : le smartphone qui va bouleverser votre quotidien,https://burkinainfo.com/2025/08/06/annonce-tecno-spark-40-le-smartphone-qui-va-bouleverser-votre-quotidien/,tech
"Annonce | Innovation et Technologie : Infinix révolutionne le marché des smartphones en lançant son nouveau HOT 60 PRO+, le téléphone à écran incurvé 3D le plus fin au monde : Un nouveau record mondial",https://burkinainfo.com/2025/08/06/annonce-innovation-et-technologie-infinix-revolutionne-le-marche-des-smartphones-en-lancant-son-nouveau-hot-60-pro-le-telephone-a-ecran-incurve-3d-le-plus-fin-au-monde-un-nouveau-record-mondia-2/,tech
Ouagadougou : Un Burkinabè imagine un plan d’aménagement du canal de Kalgondé généré par l’IA,https://burkinainfo.com/2025/08/03/ouagadougou-un-burkinabe-imagine-un-plan-damenagement-du-canal-de-kalgonde-genere-par-lia-2/,tech
"Supposés effets nocifs des pylônes des téléphonies mobiles sur la santé des populations : L’ANEVE, l’ARSN et l’ARCEP rassurent !",https://burkinainfo.com/2025/08/02/supposes-effets-nocifs-des-pylones-des-telephonies-mobiles-sur-la-sante-des-populations-laneve-larsn-et-larcep-rassurent-2/,tech
Grande Promo «Ne Maam» de Orange Money Burkina Faso : Ibrahim Samaké empoche les 5 millions de F CFA,https://burkinainfo.com/2025/07/30/grande-promo-ne-maam-de-orange-money-burkina-faso-ibrahim-samake-empoche-les-5-millions-de-f-cfa/,tech
Révolution anti-moustiques : SORA Technology parie sur les drones IA pour éradiquer le paludisme,https://burkinainfo.com/2025/07/24/revolution-anti-moustiques-sora-technology-parie-sur-les-drones-ia-pour-eradiquer-le-paludisme/,tech
"Accueil triomphal pour les élèves de l’ISO, vice-champions de la compétition panafricaine de robotique",https://burkinainfo.com/2025/07/22/accueil-triomphal-pour-les-eleves-de-liso-vice-champions-de-la-competition-panafricaine-de-robotique-2/,tech
Canal+ Burkina révolutionne son offre avec l’intégration de Netflix et DSTV dans sa formule « Tout Canal+ »,https://burkinainfo.com/2025/07/21/canal-burkina-revolutionne-son-offre-avec-lintegration-de-netflix-et-dstv-dans-sa-formule-tout-canal/,tech
Colloque international à Ouagadougou : L’IA au service de l’éducation en Afrique,https://burkinainfo.com/2025/07/11/colloque-international-a-ouagadougou-lia-au-service-de-leducation-en-afrique-2/,tech
GoChap lance « GoChap Food » à Ouagadougou : La livraison de repas à portée de clic,https://burkinainfo.com/2025/06/23/gochap-lance-gochap-food-a-ouagadougou-la-livraison-de-repas-a-portee-de-clic/,tech
De l’Italie à Ouagadougou : Nextel veut catalyser l’innovation énergétique pour le continent africain,https://burkinainfo.com/2025/06/15/de-litalie-a-ouagadougou-nextel-veut-catalyser-linnovation-energetique-pour-le-continent-africain-2/,tech
Geely débarque au Burkina Faso : Une révolution automobile signée DIACFA,https://burkinainfo.com/2025/06/15/geely-debarque-au-burkina-faso-une-revolution-automobile-signee-diacfa/,tech
La 2ème édition du « Young Leading Conference (Yolec) » s’ouvre à Ouagadougou pour renforcer les compétences numériques des jeunes,https://burkinainfo.com/2025/06/12/la-2eme-edition-du-young-leading-conference-yolec-souvre-a-ouagadougou-pour-renforcer-les-competences-numeriques-des-jeunes-2/,tech
Burkina Faso : Orange Burkina Faso pour une jeunesse connectée et responsable,https://burkinainfo.com/2025/05/28/burkina-faso-orange-burkina-faso-pour-une-jeunesse-connectee-et-responsable/,tech
Gagnez gros avec Orange Money : La Grande Promo « Ne maam » est lancée !,https://burkinainfo.com/2025/05/24/gagnez-gros-avec-orange-money-la-grande-promo-ne-maam-est-lancee/,tech
Burkina Faso : Une foire dédiée aux jeunes créateurs,https://burkinainfo.com/2025/05/24/burkina-faso-une-foire-dediee-aux-jeunes-createurs/,tech
